"Nomor","Judul","Review","Rating","Link"
"1","Harry Potter and the Philosopher‚Äôs Stone","Quite interesting. Buku fantasi pertama yang saya gak bisa berhenti baca. Core idea-nya sih gak ori-ori amat. Cuma Jk Rowling justru bener-bener jenius karena bisa meramu semua mitos sihir di dunia jadi satu. Seolah-olah sihir itu memang ada. Sorcerer's Stone sendiri adalah batu bertuah yang diincer Voldemort karena konon pemiliknya bakalan hidup abadi.","3","https://www.goodreads.com/book/show/72193.Harry_Potter_and_the_Philosopher_s_Stone?from_search=true&from_srp=true&qid=H9Ns0Uz8Bb&rank=1"
"2","Harry Potter and the Philosopher‚Äôs Stone","Begadang semaleman... Sensasinya masih sama. Masih takjub. Ditambah lagi ilustrasinya keren banget... :)) Catatan: beli versi bahasa Indonesia-nya karena lebih murah","5","https://www.goodreads.com/book/show/72193.Harry_Potter_and_the_Philosopher_s_Stone?from_search=true&from_srp=true&qid=H9Ns0Uz8Bb&rank=2"
"3","Harry Potter and the Philosopher‚Äôs Stone","Meskipun udh nonton filmnya duluan tetep aja amazed sama bukunya dan makin suka filmnya karena nyaris mirip bgttttt!!!üòÜ","5","https://www.goodreads.com/book/show/72193.Harry_Potter_and_the_Philosopher_s_Stone?from_search=true&from_srp=true&qid=H9Ns0Uz8Bb&rank=3"
"4","Harry Potter and the Philosopher‚Äôs Stone","Membaca kembali Harry Potter dan Batu Bertuah karena rindu dengan perasaan 'menyenangkan sekali membaca ini' saat masih duduk di Sekolah Dasar. Meskipun sudah belasan tahun berlalu, tapi yang mengejutkan (atau justru tidak mengejutkan ya), rasanya tidak jauh berbeda. Ada beberapa buku yang dulu seru sekali dibaca, tapi ketika dibaca ulang ternyata kesannya berbeda, malah membuat saya bertanya-tanya: kok bisa sih dulu suka banget sama buku ini? JK Rowling (Harry Potter) memang timeless. Saya masih sama menikmatinya seperti dulu. Bedanya sekarang gampang sekali mencerna isi buku, berbeda dengan dulu yang dengan lugunya membaca 'Hermione' sebagaimana yang tertulis, serta kesulitan ketika menemui beberapa kosa kata yang sama sekali baru bagi anak kelas 4 SD. Tidak salah menjadikan buku ini sebagai salah satu koleksi berharga saya, yang semoga bisa tersampaikan hingga ke anak cucu.","4","https://www.goodreads.com/book/show/72193.Harry_Potter_and_the_Philosopher_s_Stone?from_search=true&from_srp=true&qid=H9Ns0Uz8Bb&rank=4"
"5","Harry Potter and the Philosopher‚Äôs Stone","It is sooo magical!!! Aku suka banget pas Harry ke Diagon Alley, terus nyasar di Hogwarts, dan pertandingan Quidditch. Baca ini cocok banget buat mendamaikan hati yang lelah, juga badan yang sakit setelah digempur skripsi dan sidang hahaha beneran berasa liburan~","5","https://www.goodreads.com/book/show/72193.Harry_Potter_and_the_Philosopher_s_Stone?from_search=true&from_srp=true&qid=H9Ns0Uz8Bb&rank=5"
"6","Harry Potter and the Philosopher‚Äôs Stone","Aku nggak ngerti kenapa orang tergila-gila sama buku ini.","2","https://www.goodreads.com/book/show/72193.Harry_Potter_and_the_Philosopher_s_Stone?from_search=true&from_srp=true&qid=H9Ns0Uz8Bb&rank=6"
"7","Harry Potter and the Philosopher‚Äôs Stone","gausaa ditanya lagi emang ini series Harry Potter pasti seru banget, apalagi kalau kalian suka sama buku-buku yang genre nya fantasi, novel nya menurut gesa jauh lebih seru dari pada filmnya! Jadi buat yang belum baca harry potter wajibb siii","5","https://www.goodreads.com/book/show/72193.Harry_Potter_and_the_Philosopher_s_Stone?from_search=true&from_srp=true&qid=H9Ns0Uz8Bb&rank=7"
"8","Harry Potter and the Philosopher‚Äôs Stone","dari seri pertama harry potter aku udah mengira kalo' nih buku bakalan laris manis.. sayangnya di mulai dari seri pertama sampe' ke buku yang ke-3 aku masih bingung ttg hbungan harry potter sm slytherin.. mungkin sengaja dibikin gitu kale ya .. sm tante Rowling :P","2","https://www.goodreads.com/book/show/72193.Harry_Potter_and_the_Philosopher_s_Stone?from_search=true&from_srp=true&qid=H9Ns0Uz8Bb&rank=8"
"9","Harry Potter and the Philosopher‚Äôs Stone","Waktu pertama baca buku ini, gue ngga pernah nyangka kalo gue akan dengan rajinnya nungguin kapan buku berikutnya akan terbit. Dan makin lama, tiap judul buku dengan ketebalan berbeda bisa gue selesaikan dalam waktu yang sangat singkat. Karena gue ngga sabar baca akhir ceritanya *hahaha*","3","https://www.goodreads.com/book/show/72193.Harry_Potter_and_the_Philosopher_s_Stone?from_search=true&from_srp=true&qid=H9Ns0Uz8Bb&rank=9"
"10","Harry Potter and the Philosopher‚Äôs Stone","Kesekian kalinya ulang baca kisah Harry Potter. Terakhir kali baca ulang, pas edisi ilustrasi terjemahan... terus sekarang ada kover baru harus banget baca juga. Sayangnya beberapa penulisan masih belum diperbaiki. Tapi nggak ngurangin keasyikan ngikutin kisah Harry dkk. ;)","4","https://www.goodreads.com/book/show/72193.Harry_Potter_and_the_Philosopher_s_Stone?from_search=true&from_srp=true&qid=H9Ns0Uz8Bb&rank=10"
"11","Harry Potter and the Philosopher‚Äôs Stone","oke . cukup untuk mengikuti filmnya, dan sesekali meminjam untuk seri2 berikutnya. Semua saudara lengkap , mau berbagai versi, dan aku mau hemat untuk bisa koleksi buku yang lain. salute for madame JK.Rowling","2","https://www.goodreads.com/book/show/72193.Harry_Potter_and_the_Philosopher_s_Stone?from_search=true&from_srp=true&qid=H9Ns0Uz8Bb&rank=11"
"12","Harry Potter and the Philosopher‚Äôs Stone","untuk pertama kalinya buku ini membuka pandangan saya tentang bagusnya dunia sihir...... bagus....","2","https://www.goodreads.com/book/show/72193.Harry_Potter_and_the_Philosopher_s_Stone?from_search=true&from_srp=true&qid=H9Ns0Uz8Bb&rank=12"
"13","Harry Potter and the Philosopher‚Äôs Stone","5/5 sih buat buku ini. Dulu maju mundur buat baca bukunya karna tebel, skrg bukunya malah ditangan terus, bahkan kubawa ke toilet. Buku yg wajib banget dibaca bagi penyuka fantasi","5","https://www.goodreads.com/book/show/72193.Harry_Potter_and_the_Philosopher_s_Stone?from_search=true&from_srp=true&qid=H9Ns0Uz8Bb&rank=13"
"14","Harry Potter and the Philosopher‚Äôs Stone","4/5 stars Feeling nostalgic üòÅ Sebenarnya baca ini udah ke-3 kalinya. Pertama pas kelas 5 SD, baca terjemahannya. Ke-2 pas SMP, kelas 1 atau 2 gitu, baca English version, dikasih sama saudara. Tp yaa masih suka buka2 kamus. Dan stlh sekian tahun berlalu, baru baca ulang dan jadi bandingin sama filmnya. Dua2nya suka. Tp emang lebih berasa pas baca sih. Kerasa banget world building-nya. Bener2 dijelasin magic world sendiri, yang gak tersampaikan di filmnya. Aaaaa pokoknya sukaaaaa üòÜüòÜ","4","https://www.goodreads.com/book/show/72193.Harry_Potter_and_the_Philosopher_s_Stone?from_search=true&from_srp=true&qid=H9Ns0Uz8Bb&rank=14"
"15","Harry Potter and the Philosopher‚Äôs Stone","Curang dikit. Baca satu bab, merasa masih mengingat pengalaman baca dulu, lalu lompat ke bab akhir. Lanjut menyelesaikan yang lain.","2","https://www.goodreads.com/book/show/72193.Harry_Potter_and_the_Philosopher_s_Stone?from_search=true&from_srp=true&qid=H9Ns0Uz8Bb&rank=15"
"16","Harry Potter and the Philosopher‚Äôs Stone","Buku yang laris manis, cuma ...ane kagak seneng membacanya...gak ada manfaatnya buat hidup ku...so gak dilanjutkan membacanya!!","1","https://www.goodreads.com/book/show/72193.Harry_Potter_and_the_Philosopher_s_Stone?from_search=true&from_srp=true&qid=H9Ns0Uz8Bb&rank=16"
"17","Harry Potter and the Philosopher‚Äôs Stone","lumayan u/ mengisi waktu luang:D","2","https://www.goodreads.com/book/show/72193.Harry_Potter_and_the_Philosopher_s_Stone?from_search=true&from_srp=true&qid=H9Ns0Uz8Bb&rank=17"
"18","Harry Potter and the Philosopher‚Äôs Stone","gak ingat lagiii.. tapiii.asyik. kayaknya merasa jadi hari poteret,hehehe","2","https://www.goodreads.com/book/show/72193.Harry_Potter_and_the_Philosopher_s_Stone?from_search=true&from_srp=true&qid=H9Ns0Uz8Bb&rank=18"
"19","Harry Potter and the Philosopher‚Äôs Stone","Ternyata lebih membaca novel seri Harry Potter lebih terkesan detailnya dan semuanya jadi masuk akal. karena pada walanya saya hanya menonton film nya saja, ada beberapa scene yang terasa janggal. dan dengan membaca novel ini saya bisa benar-benar mengabungkan imajinasi bacaan dengan filmnya.","4","https://www.goodreads.com/book/show/72193.Harry_Potter_and_the_Philosopher_s_Stone?from_search=true&from_srp=true&qid=H9Ns0Uz8Bb&rank=19"
"20","Harry Potter and the Philosopher‚Äôs Stone","Kata tmen**q....Harry Potter tuch keren! Q jadi pingin baca, dech! Jadi pnasaran, gmnah sech critana? Ada yang bisa crita'in, ga? Tyuz, q gabung di sini...coz, dsini q bisa bagi pendapat ma banyak orang (btul, ga?). Q gabung dsini coz, q biasana dpat tugas Referensi Buku! Jadi, q bisa liat ringkasanna disini! Jadina, lebih gampang! Ternata ada gunanya q gabung disini! Mkasiy yah...","2","https://www.goodreads.com/book/show/72193.Harry_Potter_and_the_Philosopher_s_Stone?from_search=true&from_srp=true&qid=H9Ns0Uz8Bb&rank=20"
"21","Harry Potter and the Philosopher‚Äôs Stone","Pertama kali ngeliat buku ini, sempet heran... apa iya buku setebel ini untuk bacaan anak kecil? Tapi adikku dengan 'lahap'-nya ngabisin buku ini (dia waktu itu tergolong anak kecil). Karena penasaran, jadi deh ngebaca dan ternyata... buku ini emang ga bisa dilepas dari tangan! Buku fiksi yang terasa nyata dan ceritanya ngalir banget.. ga ada kesan maksanya sedikit pun!","4","https://www.goodreads.com/book/show/72193.Harry_Potter_and_the_Philosopher_s_Stone?from_search=true&from_srp=true&qid=H9Ns0Uz8Bb&rank=21"
"22","Harry Potter and the Philosopher‚Äôs Stone","Buku ini sangat cocok u belajar bhs inggris","2","https://www.goodreads.com/book/show/72193.Harry_Potter_and_the_Philosopher_s_Stone?from_search=true&from_srp=true&qid=H9Ns0Uz8Bb&rank=22"
"23","Harry Potter and the Philosopher‚Äôs Stone","sebagai buku fiktif pertama yang ceritanya bukan hanya untuk anak-anak, tapi buat semua kalangan usia, ini buku menarik, beda, dan bikin penasaran. Buat J.K. Rowling, salut dengan ide dan imajinasi yang tinggi, yang selalu baru dan beda.","4","https://www.goodreads.com/book/show/72193.Harry_Potter_and_the_Philosopher_s_Stone?from_search=true&from_srp=true&qid=H9Ns0Uz8Bb&rank=23"
"24","Harry Potter and the Philosopher‚Äôs Stone","tiap org ngakuin la ya,,kalo harry potter--mo seri berapapun--emang keren dan bener2 bikin kita nagih buat baca kelanjutannya.bwt seri satu ni,seru aja bayangin suasana Hogwarts, hogwarts express, dan juga hantu2 yg ada di dalemnya!takjub!!","3","https://www.goodreads.com/book/show/72193.Harry_Potter_and_the_Philosopher_s_Stone?from_search=true&from_srp=true&qid=H9Ns0Uz8Bb&rank=24"
"25","Harry Potter and the Philosopher‚Äôs Stone","Banyak orang menyukai cerita khayalan semacam ini. Saya pribadi kurang suka dengan certi yang sangat tidak realistis semacam ini. Setelah memberanikan diri membacanya, benar saja saya merasa bosan. Ini bukan selera saya. Selain nama besar penulisnya yang melegenda di dunia kepenulisan internasional, rasanya tak ada lagi nilai tambah yang saya temukan dari buku ini.","3","https://www.goodreads.com/book/show/72193.Harry_Potter_and_the_Philosopher_s_Stone?from_search=true&from_srp=true&qid=H9Ns0Uz8Bb&rank=25"
"26","Harry Potter and the Philosopher‚Äôs Stone","Buku pembuka yang lumayan dari Harry Potter. Sayang Final Boss nya cupu. Ceritanya cukup menyenangkan, bagian pembukanya bagus. Dijelaskan secara rinci tentang keluarga Dursley dan keseharian Harry sebelum tau dia penyihir.","3","https://www.goodreads.com/book/show/72193.Harry_Potter_and_the_Philosopher_s_Stone?from_search=true&from_srp=true&qid=H9Ns0Uz8Bb&rank=26"
"27","Harry Potter and the Philosopher‚Äôs Stone","wah emang J.K. Rowling emang the best banget jadi penulis! dia bisa bikin dunia penyihir yg dikenal sebagai dunia hitam jadi dunia yg lebih menyenangkan. mungkin krn ini buku pertama, ini adalah buku harry potter terlama yg gw baca. emang,agak bertele2 krn disini Rowling ngejelasin semua yg ada di Hogwarts dan karakter dgn baik. cumaa yah setelah ditelaah buku ini BAGUS!!!","3","https://www.goodreads.com/book/show/72193.Harry_Potter_and_the_Philosopher_s_Stone?from_search=true&from_srp=true&qid=H9Ns0Uz8Bb&rank=27"
"28","Harry Potter and the Philosopher‚Äôs Stone","uda lupa kpan bacanya..tp aku lgsg jatuh hati..hbs cuma dlm bbrp jam..saking ga ikhlas motong..tooopppppp..simpel namun b'warna..buku yang merangsang kemampuan anak untuk b'imajinasi..","3","https://www.goodreads.com/book/show/72193.Harry_Potter_and_the_Philosopher_s_Stone?from_search=true&from_srp=true&qid=H9Ns0Uz8Bb&rank=28"
"29","Harry Potter and the Philosopher‚Äôs Stone","Setelah nonton filmnya, aku memutuskan meminjam buku di perpustakaanku. Aku fikir bakal menyenangkan seperti film. Ternyata cukup membosankan. Aku bahkan ngga bisa ngasih imajinasi (padahal udah ada referensi dari movie) bentuk makhluk atau gimana proses rekuitmen hogwarts. Why????? Tapi kasusnya malah beda sama fantastic beast. Buku tipisnya FB langsung buat imajinasi hewannya cepat sekali nancep. Ini bukan salah bukunya. Lebih tepatnya, aku yang ngga ada rasa sama series HP. Yaudahlah ya, cukup movienya aja aku puas üò•","2","https://www.goodreads.com/book/show/72193.Harry_Potter_and_the_Philosopher_s_Stone?from_search=true&from_srp=true&qid=H9Ns0Uz8Bb&rank=29"
"30","Harry Potter and the Philosopher‚Äôs Stone","Novel karya J.K Rowling selalu berhasil membuatku terkagum-kagum. Membaca seri pertama Harry Potter adalah awal kenapa aku suka sangat dengan tokoh fiksi ini. Mulai dari latar, alur, plot, klimaks dan karakter tergambar dengan sangat detail. Pembaca bisa merasakan seolah-olah berada di dalam dunia sihir. Penggambaran sekolah sihir Hogwarts adalah point lebih dari novel ini. Walaupun novel ini tebalnya hampir 300+ halaman, tapi tidak lantas membuat saya bosan untuk membacanya. Ada banyak kejutan yang bisa pembaca dapatkan ketika membaca novel ini. Dan seri Harry Potter adalah Pure fantasi pertama yang aku suka","5","https://www.goodreads.com/book/show/72193.Harry_Potter_and_the_Philosopher_s_Stone?from_search=true&from_srp=true&qid=H9Ns0Uz8Bb&rank=15"
"31","Harry Potter and the Chamber of Secrets","Buku kedua Harry Potter ini bagi saya kurang greget ya. Apa krn sblmnya saya baca buku bagus banget ya? Harry Potter pulang utk liburan tapi dia dicegat Dobby saat pengen balik ke Hogswarth. Dan memang penuh keanehan dan keajaiban sejak Harry dan Ron balik ke sekolah, dari mencuri mobil dan menabrak pohon Dedalu Perkasa hingga kecelakaan yg menimpa Harry. Dobby membocorkan keterlibatan dirinya dlm memboikot Harry. Harry, Ron dan Hermione kelimpungan juga krn keanehan¬≤ di sekolah, terkuak rahasia ada Kamar Rahasia yg sudah dibuka pdhl selama ini tertutup. Ada guru baru yg narsis, hantu anak perempuan di kamar mandi, buku harian Riddle yg bisa berbicara hingga diskorsnya Dumbledore. Terlalu banyak elemen ini malah bikin puyeng krn kurang fokus bagi saya. Jadi, welcome to Lord Voldemort yg namanya gak boleh disebutkan, nemesis Harry Potter, yg ironisnya krn dialah Harry jd ngetop. Oya bbrp keahlian Harry mulai terungkap misterinya spt knp Harry bisa bicara dgn ular. Pendatang baru yg bikin saya geregetan adalah Dobby, peri malang yg jadi budak. Lucu tapi ngeselin. OK üëå lanjut buku ke-3, makin tebel aja bukunya. ","3","https://www.goodreads.com/book/show/15881.Harry_Potter_and_the_Chamber_of_Secrets?from_search=true&from_srp=true&qid=H9Ns0Uz8Bb&rank=5"
"32","Harry Potter and the Chamber of Secrets","Sepertinya ini pertama kalinya aku baca Harry Potter and the Chamber of Secret versi Bahasa Inggris. Dulu pertama kali baca, baca yang versi terjemahan Bahasa Indonesia. Sekarang baca versi Bahasa Inggris sekaligus dua buku; yang versi ilustrasi kubaca saat jam istirahat di kantor, dan versi non-ilustrasi kubaca di rumah. Yang versi non-ilustrasi aku kasih bookflag warna-warni buat nandain bagian-bagian yang menarik. Sekali lagi, aku fokus di tokoh-tokoh selain Harry - Ron - Hermione. Aku berusaha melihat dari perspektif Gilderoy Lockhart, Argus Filch, dan Tom Riddle - tokoh-tokoh yang dulu membuatku kesal setengah mateng. Dan tentu saja aku juga fokus ke kepala asramaku, Prof. Snape. (Nah, untung kan dia ngajarin mantra Expelliarmus.) Kalau secara alur cerita dan konflik, buku kedua ini lebih menarik daripada buku pertama. Makin banyak masalah dan teka-teki yang harus dipecahkan Harry. Tentunya makin banyak detail dan petunjuk juga yang nanti akan berperan di buku-buku selanjutnya.","4","https://www.goodreads.com/book/show/15881.Harry_Potter_and_the_Chamber_of_Secrets?from_search=true&from_srp=true&qid=H9Ns0Uz8Bb&rank=6"
"33","Harry Potter and the Chamber of Secrets","Agak bingung ngasih rating karena emang sesuka itu sama seri ini. Dan di baca ulang kali ini aku menemukan beberapa scene dan detail yang sudah lama terlupakan, misalnya: Ron yang memohon ke Prof McGonagall untuk lihat adiknya diseleksi. Percy yang ngasih saran ke Harry mengenai jurusan yang sebaiknya diambil, dan masih banyak lagi. Aaah~ menyenangkan. Pokoknya tiap akhir tahun aku bakal baca ulang tiap bukunya.","5","https://www.goodreads.com/book/show/15881.Harry_Potter_and_the_Chamber_of_Secrets?from_search=true&from_srp=true&qid=H9Ns0Uz8Bb&rank=7"
"34","Harry Potter and the Chamber of Secrets","GILAAAAAAAAAAAA ini buku bikin gregetan banget. berkali-kali pas lagi adegan seru dan bikin penasaran, eh harus kepotong sebentar karena harus begini lah atau tiba2 ada panggilan kantor dll, dsb, dst. tapi yang hebat dari buku ini, pas gue pegang lagi bukunya, feel-nya langsung dapet lagi padahal belum mulai baca wq. penasaran banget endingnya gimana :3","4","https://www.goodreads.com/book/show/15881.Harry_Potter_and_the_Chamber_of_Secrets?from_search=true&from_srp=true&qid=H9Ns0Uz8Bb&rank=8"
"35","Harry Potter and the Chamber of Secrets","Tetap seru seperti versi filmnya. Hanya saja di film permainan tempo terasa cepat dan obrolan yang tidak penting di cut sedemikian rupa jadi terasa tidak membosankan. Review lengkap segera setelah buku ketiga kutuntaskan ;)","5","https://www.goodreads.com/book/show/15881.Harry_Potter_and_the_Chamber_of_Secrets?from_search=true&from_srp=true&qid=H9Ns0Uz8Bb&rank=9"
"36","Harry Potter and the Chamber of Secrets","Tersihir oleh keajaiban dunia sihir dari sudut pandang Harry Potter pada buku pertama, Harry Potter dan Batu Bertuah, aku mulai melanjutkan ke buku kedua, Harry Potter dan Kamar Rahasia dengan harapan yang cukup tinggi. Harapan itu sendiri yang membawa aku kecewa karena isi buku ini tidak seperti yang aku inginkan. Ceritanya masih menakjubkan, membuat aku ingin baca terus, hanya saja seri ini terasa begitu banyak teror dan kejadian-kejadian yang tidak mengulang keasyikan di seri pertama. Hal itu memang bagus tapi tetap saja tidak cocok dengan selera aku :O","2","https://www.goodreads.com/book/show/15881.Harry_Potter_and_the_Chamber_of_Secrets?from_search=true&from_srp=true&qid=H9Ns0Uz8Bb&rank=10"
"37","Harry Potter and the Chamber of Secrets","Enaknya baca buku tuh jadi lebih tau detail kejadian sama percakapannya. Adaptasi Filmnya juga ga jauh beda dari bukunya.","5","https://www.goodreads.com/book/show/15881.Harry_Potter_and_the_Chamber_of_Secrets?from_search=true&from_srp=true&qid=H9Ns0Uz8Bb&rank=11"
"38","Harry Potter and the Chamber of Secrets","Awal yang sangat membosankan! Hufttt nggak kayak buku pertama yang udah catch my attention saat baca bab awal, buku ini serunya pas dipertengahan sampe akhir, pas diawal bikin pengen stop baca. Siapa yang jadi suspect udah ketebak karena sama polanya dengan buku pertama walaupun ini bukan yang paling jahat.","4","https://www.goodreads.com/book/show/15881.Harry_Potter_and_the_Chamber_of_Secrets?from_search=true&from_srp=true&qid=H9Ns0Uz8Bb&rank=12"
"39","Harry Potter and the Chamber of Secrets","Membaca Harry Potter ternyata menyenangkan. Terima kasih karantina.","3","https://www.goodreads.com/book/show/15881.Harry_Potter_and_the_Chamber_of_Secrets?from_search=true&from_srp=true&qid=H9Ns0Uz8Bb&rank=13"
"40","Harry Potter and the Chamber of Secrets","3/5. Dulu, saya suka banget sama kamar rahasia ini. Saya sering nonton ulang filmnya saking sukanya, juga ngebelain pinjem bukunya di perpus smp lain--sebodo sama peraturannya, yang penting bisa baca (emang ngehek sekali perpus saya waktu itu, adanya cuma buku pelajaran). Saya baca nggak ada sehari saking excited-nya, habis itu ngobrolin harry potter #2 ini ke teman sebangku--yang kebetulan juga paling suka sama yang kedua--dari awal sampe akhir; waktu pelajaran pun kita bisik-bisik ngomongin itu :'). Tapi..., pas reread ini, saya kehilangan gregetnya. Masih seru, tapi entah bagaimana, di beberapa bagian tampak boring. Apa karena saya sering nonton versi filmnya dan ngebandingin dg bukunya pas reread ini? Hmmm. :|","3","https://www.goodreads.com/book/show/15881.Harry_Potter_and_the_Chamber_of_Secrets?from_search=true&from_srp=true&qid=H9Ns0Uz8Bb&rank=14"
"41","Harry Potter and the Chamber of Secrets","Geli baca buku ini karena banyak membahas soal ularr. Mulai dari kemampuan Harry ngomong sama hewan melata itu (parseltongue), sampe ngebahas orang-orang Slytherin (asrama berlambang uler keket) yg ternyata kumpulan para penghianat dan rasis (pemuja darah murni penyihir, they hate blasteran). Kenapa judulnya Chamber of Secret? Karena di Hogwarts ada kamar rahasia yang isinya rahasyiaaaa ha ha ha. Pokoknya buku ini agak-agak fokus juga ke Ginny Weasley sebagai org yang menemukan buku harian si u-know-who.","3","https://www.goodreads.com/book/show/15881.Harry_Potter_and_the_Chamber_of_Secrets?from_search=true&from_srp=true&qid=H9Ns0Uz8Bb&rank=15"
"42","Harry Potter and the Chamber of Secrets","enak membacanya.. ingin sekali membuat cerita semengalir penuturan JK Rowling.. Pasti butuh jam terbang yang sangat tinggi ya. Saya harus menulis dengan giat nih Saya sekarang sedang berusaha membaca seluruh buku Harry Potter. Volum 1 sudah saya baca 3 tahun yang lalu. Semoga tahun ini volum 2 - 7 terbaca semua dengan menyenangkan ^^9","3","https://www.goodreads.com/book/show/15881.Harry_Potter_and_the_Chamber_of_Secrets?from_search=true&from_srp=true&qid=H9Ns0Uz8Bb&rank=16"
"43","Harry Potter and the Chamber of Secrets","Menarik sekali membaca versi bukunya, bahkan saya rasa susah untuk berhenti sebelum selesai. Tidak ada bagian yang ""nggak nyambung"" di tulisan J.K Rowling, meski fiksi...bisa banget masuk logika. Versi terjemahan yang saya baca ini juga enak diikuti, nggak janggal. Yang penting dari seri ke 2 Harpot ini adalah kita jadi tahu sejarah Hogwarts, bagaimana dan siapa yang mendirikan. Juga mengenai siapa Voldemort.","4","https://www.goodreads.com/book/show/15881.Harry_Potter_and_the_Chamber_of_Secrets?from_search=true&from_srp=true&qid=H9Ns0Uz8Bb&rank=17"
"44","Harry Potter and the Chamber of Secrets","Nah, ini buku kedua dari HP. Di edisi kali ini kita punya misi untuk menyelamatkan seseorang yang ditawan oleh You-Know-Who. Yups, si You-Know-Who ini pake cara lain buat ngundang Harry untuk masuk perangkapnya kali ini. Buat saya yang paling menarik dari novel ini saat Harry duel dengan kelas Slytherin dan ternyata Harry, parselmouth. Basilisk salah satu binatang peliharaan You-Know-Who juga cukup jadi daya tarik.","2","https://www.goodreads.com/book/show/15881.Harry_Potter_and_the_Chamber_of_Secrets?from_search=true&from_srp=true&qid=H9Ns0Uz8Bb&rank=18"
"45","Harry Potter and the Chamber of Secrets","da tokoh baru dikenalkan di sini, adik ron, ginny, yg akhir na menjadi pemegang buku harian yg dipermasalahkan, yang menyimpan sedikit jiwa Lord Voldemort yang akhir na terbangkitkan dari tenaga curhatan ginny. untung aja tetep akhir na Lord Voldemort untuk semenrata dapat kembali dikalahkan.","2","https://www.goodreads.com/book/show/15881.Harry_Potter_and_the_Chamber_of_Secrets?from_search=true&from_srp=true&qid=H9Ns0Uz8Bb&rank=19"
"46","Harry Potter and the Chamber of Secrets","Tetap 5‚≠ê ya darikuü§©, versi film buku kedua ini aku paling suka karena ringan, mereka lucu banget, dan banyak humornya, juga lebih meng-explore Hogwarts. Di baca ulang ini aku jadi lebih terbuka akan keindahan dunia mereka, mungkin dulu pas SMP bacanya terfokus sama 3 tokoh utama aja kali ya, sekarang jadi bisa melihat secara keseluruhan, aku jadi makin suka sama keluarga weasly, family goals bgt, tapi paling suka sama Ron, dan Ginny yg gemes bgt, waktu dia senyum¬≤ salting ke Harryü•∫üòç (FYI, aku shipper Harry-Ginny dan Ron-Hermione), Semua karakter dibuku ini tuh keren¬≤ banget, kok bisa ya penulis bikin karakter se-detail itu (dobby, lockhart, riddle, dan para professor lain). Intinya banyak yang menakjubkan di buku ini, dan worth to read banget, nyesel sih kalau penyuka buku fantasi tapi ga baca ini buku...","5","https://www.goodreads.com/book/show/15881.Harry_Potter_and_the_Chamber_of_Secrets?from_search=true&from_srp=true&qid=H9Ns0Uz8Bb&rank=20"
"47","Harry Potter and the Chamber of Secrets","buku ini menurut gw sangat suram, entah kenapa. oh, dan gak sekocak yang pertama, meski petualangannya juga seru. JK Rowling pinter banget bikin kejutan!! gak heran dia sekarang jadi orang terkaya di Inggris, bahkan ngelebihin Ratu Elizabeth sendiri!! waow... the magic works amazingly, eh?","3","https://www.goodreads.com/book/show/15881.Harry_Potter_and_the_Chamber_of_Secrets?from_search=true&from_srp=true&qid=H9Ns0Uz8Bb&rank=21"
"48","Harry Potter and the Chamber of Secrets","Ceritanya sih biasa aja. tapi setelah baca buku ke-7, ga nyangka aja kalo Ginny akhirnya menikah sama Harry. Di buku ini diceritain kalo Ginnynya tuh suka salting gitu kan pas pertama ketemu sama Harry..","3","https://www.goodreads.com/book/show/15881.Harry_Potter_and_the_Chamber_of_Secrets?from_search=true&from_srp=true&qid=H9Ns0Uz8Bb&rank=22"
"49","Harry Potter and the Chamber of Secrets","Menyelesaikan buku ini sedikit lebih lambat daripada yang pertama. Suka sama Dobby dan sedikit berharap porsi Dobby lebih banyak di dalam cerita. Tapi kenapa ya, buku yang ini tuh kurang greget daripada yang pertama? Hmm...","3","https://www.goodreads.com/book/show/15881.Harry_Potter_and_the_Chamber_of_Secrets?from_search=true&from_srp=true&qid=H9Ns0Uz8Bb&rank=23"
"50","Harry Potter and the Chamber of Secrets","entah knp, kok gw ngerasa buku ke2 ini ga sebagus buku pertama ya??","3","https://www.goodreads.com/book/show/15881.Harry_Potter_and_the_Chamber_of_Secrets?from_search=true&from_srp=true&qid=H9Ns0Uz8Bb&rank=24"
"51","Harry Potter and the Chamber of Secrets","Biasa aja. Haha Buku terakhir Harry Potter terbitan Gramedia yang judulnya diembos (istlahnya bener kan?) dengan perak pelangi. Jadi nyesel ga disampul. Kok ngebahas cover?! :^))","3","https://www.goodreads.com/book/show/15881.Harry_Potter_and_the_Chamber_of_Secrets?from_search=true&from_srp=true&qid=H9Ns0Uz8Bb&rank=25"
"52","Harry Potter and the Chamber of Secrets","Hmm, my less favorite diantara serial Harry Potter. Entah kenapa. Jarang banget gw baca ulang. Bukannya ngga rame sih. Tapi yaaa, apa yang salah ya..","3","https://www.goodreads.com/book/show/15881.Harry_Potter_and_the_Chamber_of_Secrets?from_search=true&from_srp=true&qid=H9Ns0Uz8Bb&rank=26"
"53","Harry Potter and the Chamber of Secrets","g ga gitu suka harry potter, tapi kalo ada ya dibaca aja.. tapi dr semua novel harpot menurut g sie yg plg rame nie satu..","2","https://www.goodreads.com/book/show/15881.Harry_Potter_and_the_Chamber_of_Secrets?from_search=true&from_srp=true&qid=H9Ns0Uz8Bb&rank=27"
"54","Harry Potter and the Chamber of Secrets","Susah dimengerti..yg baca o'on sih..hiks...hiks...","2","https://www.goodreads.com/book/show/15881.Harry_Potter_and_the_Chamber_of_Secrets?from_search=true&from_srp=true&qid=H9Ns0Uz8Bb&rank=28"
"55","Harry Potter and the Chamber of Secrets","sayang..filmnya agak sedikit membosankan..","3","https://www.goodreads.com/book/show/15881.Harry_Potter_and_the_Chamber_of_Secrets?from_search=true&from_srp=true&qid=H9Ns0Uz8Bb&rank=29"
"56","Harry Potter and the Chamber of Secrets","jadilah aku keterusan. dari buku I keterusan ke buku II, dan kayaknya bakal terus ngikutin nih.","3","https://www.goodreads.com/book/show/15881.Harry_Potter_and_the_Chamber_of_Secrets?from_search=true&from_srp=true&qid=H9Ns0Uz8Bb&rank=30"
"57","Harry Potter and the Chamber of Secrets","3 bintang saja untuk buku kedua ini, :D 5 more to go","3","https://www.goodreads.com/book/show/15881.Harry_Potter_and_the_Chamber_of_Secrets?from_search=true&from_srp=true&qid=H9Ns0Uz8Bb&rank=31"
"58","Harry Potter and the Chamber of Secrets","Bagus, lebih banyak hal baru, namun tidak terlalu mengejutkan","3","https://www.goodreads.com/book/show/15881.Harry_Potter_and_the_Chamber_of_Secrets?from_search=true&from_srp=true&qid=H9Ns0Uz8Bb&rank=32"
"59","Harry Potter and the Chamber of Secrets","Tantangan membaca buku fantasi berseri yang tidak disukai. Lumayan berat, tapi syukur akhirnya selesai... *melengosdaritumpukanseriyanglain*","2","https://www.goodreads.com/book/show/15881.Harry_Potter_and_the_Chamber_of_Secrets?from_search=true&from_srp=true&qid=H9Ns0Uz8Bb&rank=33"
"60","Harry Potter and the Chamber of Secrets","Biasa saja. Tak banyak yang best atau kejutan ap-apa.","2","https://www.goodreads.com/book/show/15881.Harry_Potter_and_the_Chamber_of_Secrets?from_search=true&from_srp=true&qid=H9Ns0Uz8Bb&rank=34"
"61","Harry Potter and the Prisoner of Azkaban","Kereeeen! Hm, semoga kesalahan yg terdapat pd punggung buku bukan alasan mangkir terbitnya edisi ilustrasi ini sampai 2 bulan. Heu. Kesalahan yg amat fatal, kubilang. Lagi-lagi, Med. Hadeuh. Membaca ulang buku-buku Harry Potter selalu membawa sensasi pengalaman yg berbeda. Kali ini, pada buku ketiga ini, saya baru sadar jikalau Dementor sesungguhnya bisa diajak berbicara. Beberapa orang diketahui ‚Äôberinteraksi‚Äô dengan Dementor, seperti Menteri Sihir Cornelius Fudge salah satunya. Karena selama ini, hm mungkin agak terpengaruh visualisasi versi film, saya membayangkan Dementor makhluk unsocial. Kenyataannya, seperti dijelaskan oleh Lupin, ‚ÄùHmmm... yah, orang-orang yg betul-betul tahu apa yg berada di balik kerudung Dementor, kondisinya tak memungkinkan untuk memberitahu kita.‚Äù Yep, kita tahu bahwa Dementor hanya menurunkan tudung kepala mereka saat akan melakukan Kecupan Dementor. Hiiii","5","https://www.goodreads.com/book/show/5.Harry_Potter_and_the_Prisoner_of_Azkaban"
"62","Harry Potter and the Prisoner of Azkaban","Selesaaaai aaaarrgh!!! Buku terfavorit dari seri Harry Potter! xD Baik film maupun buku, punya kelebihan dan kekurangan masing-masing, jadi saling melengkapi, suka, suka, sukaaa","5","https://www.goodreads.com/book/show/5.Harry_Potter_and_the_Prisoner_of_Azkaban"
"63","Harry Potter and the Prisoner of Azkaban","Seri Harry Potter yang menurutku yang jalan ceritanya paling ringan dan konfliknya secara tidak langsung memengaruhi pribadi Harry Potter itu sendiri. Tahun ketiga Harry Potter sangat mengejutkan. Pemberitaan mengenai tawanan Azkaban yang kabur menggemparkan dunia sihir dan manusia awam. Karena sang tawanan ingin sekali bertemu Harry Potter, sehingga pengamanan terhadap dirinya dan Hogwarts diperketat untuk menghindari sang tawanan dengan dikirimnya dementor untuk menjaga Hogwarts. Dibalik berita yang menegangkan tersebut, Gryffindor berhasil memenangkan piala asrama melalui pertandingan quidditch yang mendebarkan. Selain itu, pelajaran Ilmu Hitam kedatangan sosok guru baru yang tidak terduga dan menghubungkan antara kisah sang tawanan dan kehidupan Harry Potter. Selain itu, Hagrid juga harus menjalani hukuman karena kecerobohan Malfoy. Sebenarnya untuk seri ketiga menurutku lebih menjadi kisah penjembatan antara Harry Potter kecil menuju kehidupan Harry Potter berikutnya. Absennya perwujudan Voldemort kali ini memang sedikit menurunkan intensitas cerita, namun sosok itu tetap ada lewat rahasia-rahasia yang terkandung lewat sosok Sirius Black, sang tawanan dan Lupin sang guru Ilmu hitam yang membuka tabir cerita tentang kejadian sebenarnya kematian orang tua Harry Potter dan Voldemort. Jadi, alangkah lebih baik kalau langsung baca ke seri keempatnya untuk lebih jelas :)","4","https://www.goodreads.com/book/show/5.Harry_Potter_and_the_Prisoner_of_Azkaban"
"64","Harry Potter and the Prisoner of Azkaban","Sebenernya seruu, tapi menurut aku terlalu banyak dramanya. Ron dan Hermione berantem terus, dan ada scene yang menurutku hampir tidak akan pernah selesai, yaitu ketika Lupin dan Black berusaha menjelaskan semuanya di Shrieking Shack. Namun, hal membahagiakan yang dialami Harry cukup membuatku ikut tersentuh. Kerenn!","4","https://www.goodreads.com/book/show/5.Harry_Potter_and_the_Prisoner_of_Azkaban"
"65","Harry Potter and the Prisoner of Azkaban","Aku suka buku ke3 karena lebih berasa misterinya. Mulai terungkap kisah2 jadul orangtua Harry. So far buku ini yg detailny berasa lbh bagus dari filmnya. Tp mgkn pas bagian chapter time turnerny ada beberapa part yg aku lbh suka filmnya.","4","https://www.goodreads.com/book/show/5.Harry_Potter_and_the_Prisoner_of_Azkaban"
"66","Harry Potter and the Prisoner of Azkaban","Seperti biasanya, novel Harpot selalu makin asyik pas udah mau ending. Ini juga cukup detail, sih. Cuma gak terlalu dijelasin alasan Harry bisa mantra patronus di akhir.","4","https://www.goodreads.com/book/show/5.Harry_Potter_and_the_Prisoner_of_Azkaban"
"67","Harry Potter and the Prisoner of Azkaban","Berhubung saya sudah tahu apa, siapa, dan bagaimana hubungan Harry - Black, jadi ya jadi kurang seru, tapi tetap menyenangkan, haha!","3","https://www.goodreads.com/book/show/5.Harry_Potter_and_the_Prisoner_of_Azkaban"
"68","Harry Potter and the Prisoner of Azkaban","Untuk buku 3 ini sebenernya lebih banyak hal menegangkan dibanding buku 1 dan 2. Tetapi, aku kurang suka dengan penggambaran sosok Snape di buku ini. Mungkin sudah bukan rahasia lagi kalau Snape membenci Harry, tetapi bagian yang kurang aku suka adalah saat akhir cerita dimana Snape mengarang cerita tentang ia yang berhasil menangkap Serius Black. Atau mungkin aku hanya terpengaruh filmnya yak... yang sepertinya film untuk buku 3 ini banyak yang sedikit diubah (mbulet ya, hehe).","3","https://www.goodreads.com/book/show/5.Harry_Potter_and_the_Prisoner_of_Azkaban"
"69","Harry Potter and the Prisoner of Azkaban","Menurut gw yang keren di buku ini adalah dementor, yang senyap dan menakutkan. Kisah masa muda ayahnya Harry dan teman-temannya juga bikin kita ngerti kenapa alur cerita berkembang seperti ini. Tapi sudah, hanya itu saja. Udah mulai bosan soalnya..makin tebal terus, kayak dipanjang2in. capek bacanya","3","https://www.goodreads.com/book/show/5.Harry_Potter_and_the_Prisoner_of_Azkaban"
"70","Harry Potter and the Prisoner of Azkaban","Harry Potter ada bapa angkat rupanya. Banduan yang dimaksudkan adalah Sirius Black, yang pernah disyaki sebagai dalang pembunuhan ibu bapa Harry. Tapi sebenarnya tidak. Bacalah buku ini untuk mengetahui lebih lanjut.","3","https://www.goodreads.com/book/show/5.Harry_Potter_and_the_Prisoner_of_Azkaban"
"71","Harry Potter and the Prisoner of Azkaban","Buku yang ketiga, makin seru aja! Ditambah sebuah berita baik bahwa salah seorang keluarga Harry di dunia sihir masih ada. Apakah usaha Harry dan kawan-kawan dalam membebaskan salah satu familinya berhasil? Baca segera!","3","https://www.goodreads.com/book/show/5.Harry_Potter_and_the_Prisoner_of_Azkaban"
"72","Harry Potter and the Prisoner of Azkaban","Wah saya baca buku ini makin suka dech... kalau benar ada koran yang gambarnya bisa gerak-gerak serem kali yah.... tapi seru juga, tapi kalau bisa berubah jadi binatang-animorf?musibah atau berkah?","3","https://www.goodreads.com/book/show/5.Harry_Potter_and_the_Prisoner_of_Azkaban"
"73","Harry Potter and the Prisoner of Azkaban","Sebetulnya cerita dalam buku ini kurang menarik dibanding 2 buku sebelumnya, tapi tetap bagus untuk diikuti alur ceritanya","3","https://www.goodreads.com/book/show/5.Harry_Potter_and_the_Prisoner_of_Azkaban"
"74","Harry Potter and the Prisoner of Azkaban","Buku ketiga dari Harry Potter. Agak mengecewakan karna lebih tipis dan alur ceritanya juga lebih cepat.Tapi tetap oke untuk dibaca","3","https://www.goodreads.com/book/show/5.Harry_Potter_and_the_Prisoner_of_Azkaban"
"75","Harry Potter and the Prisoner of Azkaban","Karena saya menonton filmnya duluan, jadi novelnya tidak begitu seru dan menarik lagi bagi saya. Tidak penasaran saat membacanya karena saya sudah tau bagaimana jalan ceritanya. Meskipun novelnya lebih lengkap penjelasannya daripada filmnya.","3","https://www.goodreads.com/book/show/5.Harry_Potter_and_the_Prisoner_of_Azkaban"
"76","Harry Potter and the Prisoner of Azkaban","Uh,aaneh sekali. Dua kali baca harpot dua2nya cukup menarik d stgh bagian awal tp bikin muntah d stgh bagian akhir. Argh... Seandainya ini crt school life versi fantasi tanpa voldemort...","3","https://www.goodreads.com/book/show/5.Harry_Potter_and_the_Prisoner_of_Azkaban"
"77","Harry Potter and the Prisoner of Azkaban","Aku suka banget sama Sirius Black. aku suka sama film HP, tapi aku juga suka kalau baca novelnya. Terkadang yang di novel ceritanya lebih lengkap. Moony, Padfoot, Wormtail and Prong","3","https://www.goodreads.com/book/show/5.Harry_Potter_and_the_Prisoner_of_Azkaban"
"78","Harry Potter and the Prisoner of Azkaban","buku yang ini gak seseru buku kedua. dari awal ampe akhir ngomongin tentang tawanan azkaban itu. jadi asa lamaaaaaa.... soalnya nongol nya pas mu akhir bacaan deuuuh....","3","https://www.goodreads.com/book/show/5.Harry_Potter_and_the_Prisoner_of_Azkaban"
"79","Harry Potter and the Prisoner of Azkaban","Buku terbaik dari semua serial Harry Potter..","3","https://www.goodreads.com/book/show/5.Harry_Potter_and_the_Prisoner_of_Azkaban"
"80","Harry Potter and the Prisoner of Azkaban","paling suka sama bagian ketika Hermione menggunakan pemutar waktu yang bentuknya jam pasir terus Harry menyelamatkan Sirius Black...","3","https://www.goodreads.com/book/show/5.Harry_Potter_and_the_Prisoner_of_Azkaban"
"81","Harry Potter and the Prisoner of Azkaban","Bagus. Keren. konsep mengenai dunia paralelnya menarik banget buat gue.","3","https://www.goodreads.com/book/show/5.Harry_Potter_and_the_Prisoner_of_Azkaban"
"82","Harry Potter and the Prisoner of Azkaban","g nyangka ternyata harry akhir na punya ayahangkat. walo tak da hubungan darah langsung, setidak na ni orang lebih baik dari paman,bibi dan sepupu harry yg muggle.","2","https://www.goodreads.com/book/show/5.Harry_Potter_and_the_Prisoner_of_Azkaban"
"83","Harry Potter and the Prisoner of Azkaban","""BaguS..BaGus.. tP yg saTu nie aq kCewa ma FiLmnya. buKuny keRen, Pas fiLm, eH mereKanya dah paDa geDe, jD gaK seRu..""","2","https://www.goodreads.com/book/show/5.Harry_Potter_and_the_Prisoner_of_Azkaban"
"84","Harry Potter and the Prisoner of Azkaban","seru kali yah naik buckbeak...","2","https://www.goodreads.com/book/show/5.Harry_Potter_and_the_Prisoner_of_Azkaban"
"85","Harry Potter and the Prisoner of Azkaban","menimbulkan keharuan..tokoh utama ketemu dengan walinya","3","https://www.goodreads.com/book/show/5.Harry_Potter_and_the_Prisoner_of_Azkaban"
"86","Harry Potter and the Prisoner of Azkaban","yg ini jg oceh.. cm.. uda aga aneh y critanya.. t'lalu imajinatif bgt jd kyk dongeng..hehe..","3","https://www.goodreads.com/book/show/5.Harry_Potter_and_the_Prisoner_of_Azkaban"
"87","Harry Potter and the Prisoner of Azkaban","mmm..udah lama bacanya jadi agak2 lupa...","3","https://www.goodreads.com/book/show/5.Harry_Potter_and_the_Prisoner_of_Azkaban"
"88","Harry Potter and the Prisoner of Azkaban","belajar kabur dari penjara, JK the best author!","3","https://www.goodreads.com/book/show/5.Harry_Potter_and_the_Prisoner_of_Azkaban"
"89","Harry Potter and the Prisoner of Azkaban","still love it..tapi ngga terlalu suka sih sama yg satu ini ^^","3","https://www.goodreads.com/book/show/5.Harry_Potter_and_the_Prisoner_of_Azkaban"
"90","Harry Potter and the Prisoner of Azkaban","Adegan-adegan yang Ngga Muncul di film Jadi Alasan Buat Baca Nih Buku.","3","https://www.goodreads.com/book/show/5.Harry_Potter_and_the_Prisoner_of_Azkaban"
"91","Harry Potter and the Goblet of Fire","Dammnn!!! Rasanya ada banyak hal yang ingin kuungkapkan di sini, tapi sulit karena saking kagumnya. Namun, akan kucoba mengungkapkan pelan-pelan. Jadi, mohon maaf jika ada salah karena aku terlalu bersemangat. Buku ini begitu tebal. Aku rasa sudah menjadi kebiasaan Rowling menceritakan suatu kisah dengan detail dan pace yang lambat. Menurutku pribadi, terlalu banyak kisah sampingan yang mengandung sedikit sekali petunjuk untuk masalah utama. Namun, aku masih menikmati bagaimana kisah-kisah sampingan ini ditulis. Buktinya, aku terus membaca sampai habis. Semakin banyak konflik remaja yang bisa kutemui, mengingat para tokoh protagonis kita mulai beranjak remaja. Meski terkesan dramatis dan bertele-tele, untungnya aku menikmatinya. Entahlah, berbeda dengan buku yang sebelumnya (yang mana juga ada drama-drama yang terjadi antar tokohnya). Teoriku karena mungkin ada banyak sekali tokoh baru yang bisa dicurigai sehingga aku merasa terhibur dengan adanya peran mereka. Konsep pertandingan dan tantangan yang luar biasa meski menurutku tak ditulis dengan luar biasa amat. Namun, puncaknya yang luar biasa adalah ketika Pangeran Kegelapan bangkit kembali. Gambaran fisik, tabiat, dan kutukan-kutukan yang telah dilayangkannya ditulis dengan begitu menakutkan. Sebenarnya aku berharap efek yang ditimbulkan dari kejadian ini ditulis lebih dramatis. Tapi aku tetap puas dengan hasilnya. Buku ini sangat menarik untuk dinikmati!","5","https://www.goodreads.com/book/show/6.Harry_Potter_and_the_Goblet_of_Fire"
"92","Harry Potter and the Goblet of Fire","AHHHH!! Iya bacanya selama itu emang sengaja, ga kerasa ternyata betapa kangen nya gue sama dunia harry potter astaga :"""") buku 3& 4 tetep selalu jd favorite... (karena blm baca 5-7 juga sih cmn idk Goblet of Fire & Prisoner of Azkaban are really special to me)","5","https://www.goodreads.com/book/show/6.Harry_Potter_and_the_Goblet_of_Fire"
"93","Harry Potter and the Goblet of Fire","Bingung antara mau kasih bintang 3 atau 4 deh. Cerita tidak semenarik seri pertama dan keduanya, namun tetap saja masih tetap membuat mata terus menatap halaman demi halaman tanpa mau berhenti sebelum sampai pada halaman terakhir.","4","https://www.goodreads.com/book/show/6.Harry_Potter_and_the_Goblet_of_Fire"
"94","Harry Potter and the Goblet of Fire","Waktu pertama kali liat buku ini, hal yang ada dalam pikiran saya: beuh, tebel amat. Waktu itu seri ini merupakan seri yang paling tebal diantara ketiga seri lain. Anyway, setelah baca, ternyata makin lama cerita Harry Potter seperti bukan genre buku anak-anak lagi, karena puncak dari buku ini adalah kematian (yang saya rasa konsep kematian tidak cocok untuk anak-anak).","4","https://www.goodreads.com/book/show/6.Harry_Potter_and_the_Goblet_of_Fire"
"95","Harry Potter and the Goblet of Fire","tahun keempatnya harry potter, seri favoritnya sobatku, tapi menurutku emang cukup menarik karena diseri keempat ini harry potter akan ""bermain-main"" sebuku penuh, mulai melawan naga, menyelamatkan ron, sampai dengan bertemu voldemort langsung untuk ketiga kalinya....hanya endingnya yang terlalu menyedihkan yang membuatku tidak menjadikannya sebagai nomor favoritku, huehehehehehe ;p","4","https://www.goodreads.com/book/show/6.Harry_Potter_and_the_Goblet_of_Fire"
"96","Harry Potter and the Goblet of Fire","bagus banget nggak bisa komentar....waktu baca buku yang ini gw sama sekali nggak berenti untuk istirahat, paling cuma minum sama makan, abis penasaran sih, kelanjutannya, sampe2 gw bela2in baca sampe jam 2 pagi....ceritanya makin kompleks, tapi sayang ya movienya, banyak yang kepotong, mending baca bukunya...","4","https://www.goodreads.com/book/show/6.Harry_Potter_and_the_Goblet_of_Fire"
"97","Harry Potter and the Goblet of Fire","Bisa dibilang plot twist banget sih seri ini, gimana Hogwarts bisa kelolosan satu penyamar yang rencananya sangat halus, wkwk.","4","https://www.goodreads.com/book/show/6.Harry_Potter_and_the_Goblet_of_Fire"
"98","Harry Potter and the Goblet of Fire","Baca novel ini via kindle, heran kok lambat banget progressnya gak nambah2, lah ternyata emang tebel banget halamannya, hahaha, butuh hampir sebulan buat baca abis. Untuk sebuah bacaan buku ringan, ceritanya cukup panjang. Sepanjang baca selalu gak sabaran pengen tahu twist di endingnya. Lama-lama aku mulai paham pola twist di tiap seri novelnya. Dan beneran aja, tebakanku bener, haha.","4","https://www.goodreads.com/book/show/6.Harry_Potter_and_the_Goblet_of_Fire"
"99","Harry Potter and the Goblet of Fire","Kalau ngomongin bukunya, rasanya sulit buat gak ngehubungkan dengan filmnya. Harry Potter berubah banyak yah disini. Novelnya mulai dibumbui dengan kisah asmara khas anak asrama disini. Tapi, aku agak sedikit kecewa dengan filmnya, karena tokoh Prof. Dumbledore disini sangat berubah. Jadi agak ""pemarah"" gitu yaah. Nah, disini juga beberapa scene di movie juga berbeda dengan di buku. I dont why, but, still, I enjoyed it.","4","https://www.goodreads.com/book/show/6.Harry_Potter_and_the_Goblet_of_Fire"
"100","Harry Potter and the Goblet of Fire","Situasi sudah mulai menegangkan!Piala dunia quidditch berakhir dengan huru-hara dengan munculnya tanda kegelapan. Harry Potter yang mulai tumbuh remaja harus berhadapan dengan tantangan-tantangan yang berat. Ditambah dengan masifnya berita hoaks tentangnya yang ditulis asal-asalan dalam koran Daily Prophet, dan perlombaan Triwizard yang mendadak dia ikuti berakhir dengan pertemuan menegangkan dengan sang Pangeran Kegelapan. Ya, Harry Potter dan Piala Api adalah novel yang menjadi awal dari petualangan baru Harry Potter sekaligus pengantar untuk seri-seri berikutnya. Untuk pola cerita dan teknisnya memang sudah menjadi ciri khas cara bertutur J.K. Rowling dalam seri-seri Harry Potter sebelumnya.","4","https://www.goodreads.com/book/show/6.Harry_Potter_and_the_Goblet_of_Fire"
"101","Harry Potter and the Goblet of Fire","4.7 üåü Wow versi buku tetap memukai menurutku. Tetap menakjubkan. Bahkan detail banget daripada versi filmnya. Lebih realistis jadinya. Dan magicnya nampak sekali walau hanya dibayangkan dalam sebuah tulisan. Keren. Selalu suka sama kisah Harry dan teman2","4","https://www.goodreads.com/book/show/6.Harry_Potter_and_the_Goblet_of_Fire"
"102","Harry Potter and the Goblet of Fire","Adegan-adegan yang Ngga Muncul di film Jadi Alasan Buat Baca Nih Buku.","3","https://www.goodreads.com/book/show/6.Harry_Potter_and_the_Goblet_of_Fire"
"103","Harry Potter and the Goblet of Fire","uhm, uhm, uhm.. tetap kasih tiga bintang karena terlanjur sayang :P","3","https://www.goodreads.com/book/show/6.Harry_Potter_and_the_Goblet_of_Fire"
"104","Harry Potter and the Goblet of Fire","harry makin gede, aku juga makin gede.. tetep menarik, apalagi waktu kompetisi di maze, hm... tak kan terlupa,","3","https://www.goodreads.com/book/show/6.Harry_Potter_and_the_Goblet_of_Fire"
"105","Harry Potter and the Goblet of Fire","Love it. It was a bit boring interesting.. (kaget ketika rowling tega banget bunuh anak kecil --cedrix-- di buku ini, n gue nyadar ini bukan buku anak2)","3","https://www.goodreads.com/book/show/6.Harry_Potter_and_the_Goblet_of_Fire"
"106","Harry Potter and the Goblet of Fire","""BuKu HarPot no.2 yg KereN.. saNgat iMajiNatif. biKin mUpeNg penGen sKul di HogaRt...""","3","https://www.goodreads.com/book/show/6.Harry_Potter_and_the_Goblet_of_Fire"
"107","Harry Potter and the Goblet of Fire","hi hi.. di buku harry potter yang keempat ini lebih segerrr, coz hogwarts kedatangan tamu. ada Fleur n Krum!","3","https://www.goodreads.com/book/show/6.Harry_Potter_and_the_Goblet_of_Fire"
"108","Harry Potter and the Goblet of Fire","Asyik kalau kita punya satu hal yang mengasyikan seperti hobi tapi juga bermanfaat bagi kita dan juga orang lain.","3","https://www.goodreads.com/book/show/6.Harry_Potter_and_the_Goblet_of_Fire"
"109","Harry Potter and the Goblet of Fire","tetep menarik untuk dibaca","3","https://www.goodreads.com/book/show/6.Harry_Potter_and_the_Goblet_of_Fire"
"110","Harry Potter and the Goblet of Fire","KETEBALAN.....!!!!!!!!!! jadi bertele2..meskipun demikian tetep juga males buat motong..hrs tuntas..sayang,tokoh gantengnya mati secepet itu..sayang oh sayang..","3","https://www.goodreads.com/book/show/6.Harry_Potter_and_the_Goblet_of_Fire"
"111","Harry Potter and the Goblet of Fire","Menyelesaikan bacaan 10 taun yang lalu gara-gara dulu keburu bukunya dibalikin ke yang punya. Harry Potter selalu seru seseru buku-buku petualangan karangan enid blyton jaman gue SD, tapi kalo udah nonton filmnya duluan jadi berkurang serunya :p","3","https://www.goodreads.com/book/show/6.Harry_Potter_and_the_Goblet_of_Fire"
"112","Harry Potter and the Goblet of Fire","Lebih banyak unsur MAGIC di buku ini, namun tidak banyak yang mengejutkan kecuali saat kematian Cedric, cukup ""aneh"" menurut saya terdapat unsur pembunuhan dalam buku anak-anak. Namun tetap asyik dibaca","3","https://www.goodreads.com/book/show/6.Harry_Potter_and_the_Goblet_of_Fire"
"113","Harry Potter and the Goblet of Fire","Basi yah...Gue baru baca nih buku setelah filmnya yang kelima tayang di bioskop. tapi asik juga, nonton film n baca novel nya emang beda kok sensasinya. Gw nonton film nya yg ke-4 ini 2 kali, tapi tetep gregetan juga waktu baca novelnya.","3","https://www.goodreads.com/book/show/6.Harry_Potter_and_the_Goblet_of_Fire"
"114","Harry Potter and the Goblet of Fire","novel paling tebel dalam sejarah harry potter. seru banget, apalagi pertandingan dalam buku ini ganti dengan perebutan goblet of fire. pake acara ketemu naga dan makhluk danau, trus harus menempuh labirin. memang buku ini layak mengangkat buku"" pendahulu na. cz mulai buku ini terbit, harry potter mulai tenar di pasaran.","3","https://www.goodreads.com/book/show/6.Harry_Potter_and_the_Goblet_of_Fire"
"115","Harry Potter and the Goblet of Fire","Buat yang suka quiditch pasti suka buku no.5 soalnya di edisi ini ada olimpiade quiditch. voldemort mulai unjuk gigi taring di sini, dimana sisa pengikutnya, para pelahap maut, mulai cari gara-gara dengan bikin rusuh di tenda penonton quiditch. Trus di Hogwarts juga lagi seru karena ada turnamen three wizards, turnamen antarsekolah sihir dunia untuk memperebutkan the Goblet of Fire, which is Harry accidentaly jd ikutan. Harry naksir cewek namanya Cho cang, anak RavenClaw keturunan cina, yang pacaran sama Cedric Dugory. Nah pas turnamen, Harry ma Cedric sama-sama menang, tapi pas mrk megang piala, ternyata piala itu udah dimantrai buat jd transporter. Zapppp terbawalah mereka ke kuburan. jeng jeng jeng... bertemulah mrk dgn voldemort yg gak punya idung. Mati lah cedric krn avakedavra-nya voldy. Wooo started to be spooky.","3","https://www.goodreads.com/book/show/6.Harry_Potter_and_the_Goblet_of_Fire"
"116","Harry Potter and the Goblet of Fire","üèÜ Baca Harry Potter series yg ke-4 ini melelahkan. Tebal luar biasa tapi plot dan action nya biasa-biasa aja (pengecualian saat Voldemort nya muncul).üèÜ Tema kali ini adalah Piala Dunia Quidditch dan Hogwarts mjd tuan rumah Triwizard ini. Boleh dibilang semua anak jd demam Triwizard ini, tak terkecuali Ron dan Harry Potter. Bahkan mrk sempat saling iri dan curiga krn Harry tiba¬≤ terpilih utk ikutan sbg peserta Triwizard ini. üèÜ Krn mrk sdh akil balik, jd mulai ada gandrung¬≤an ke lawan jenisnya dong (membosankan ü•±). Ada pesta dansa natal segala dan bbrp bab ini sungguh bikin saya menahan kantuk. üèÜ Entah krn karakternya Harry yg kelewat lurus jg, rasanya gak bikin penasaran dan gak bikin dagdigdug. Saya msh merasa semua yg dilakukan Harry too smooth to be true, alias gak menantang. Pokoknya tau-tau tuh kan udh beres kalau Harry ada, gitu deh rasanya. üèÜ Klimaks ceritanya? Gimana ya? Gitu aja setelah membaca 800an hlm (nyaris 900 hlm). Udah tobat? Belum lah. Msh nekad baca lanjutannya sih. Ditunggu aja baca sequel nya ü§≠","3","https://www.goodreads.com/book/show/6.Harry_Potter_and_the_Goblet_of_Fire"
"117","Harry Potter and the Goblet of Fire","Harry Potter and the Goblet of Fire adalah yang paling berbeda antara buku dan film. Saya lebih suka film. hehehe. Lebih ringkas dan compact secara alur cerita. Lebih mendebarkan! Berbeda dengan 3 buku sebelumnya yang saya lebih suka bukunya dibanding film. Buku keempat ini bukan bagian penting bagi Harry, tapi sangat penting bagi Voldemort. Kisah Harry di turnamen Triwizard cuma sarana saja untuk character development Voldemort. Voldemort bangkit lagi setelah 13 tahun hidup kagak mati pun henteu. Akhirnya dia kembali ke tubuhnnya. Di buku ini, saya benci banget dengan Rita Skeeter. Buset dah. Anoying banget ini orang. Kok masih aja punya tempat di publik? Saya gak ngerti. Orang-orang di dunia sihir itu goblok apa ya? Koran isinya hoax kayak Daily Prophet kok masih aja beredar. wkwkw Saya juga benci dengan karakter Cornelius Fudge. Mentri Sihir kok bego. Saya gak suka. Terus terang gara-gara Rita Skeeter dan Cornelius Fudge, kadar believeablity cerita Harry Potter ini berkurang. Nuansa mendebarkan pertempuran Harry dengan Voldemort jadi sepele banget. Voldemort bisa bangkit karena kementriannya goblok, bukan karena Voldemortnya memang cerdas, kuat, dan hebat.","3","https://www.goodreads.com/book/show/6.Harry_Potter_and_the_Goblet_of_Fire"
"118","Harry Potter and the Goblet of Fire","Sorry to Cedric Diggory.. Buku keempat ini tebal sekali. Dan gelap. Hehehe","2","https://www.goodreads.com/book/show/6.Harry_Potter_and_the_Goblet_of_Fire"
"119","Harry Potter and the Goblet of Fire","Dari semua edisi petualangan Harry Potter, buku inilah yang paling tidak saya sukai sebab isinya lebih banyak menyinggung soal Quidditch. Maklum sajalah sebab di buku ini memang diceritakan bahwa dunia penyihir sedang mengadakan Piala Dunia Quidditch. Jujur, entah mengapa saya kurang tertarik dengan olahraga Quidditch dalam buku-buku Harry Potter. Tetapi di buku ini, ada sesuatu yang baru. Untuk pertama kalinya Harry naksir dengan seorang gadis, Cho Chang. Untuk pertama kalinya ada seorang tokoh non-antagonis yang meninggal, Cedric Diggory. Dan untuk pertama kalinya pula, Harry berhadapan langsung¬†face-to-face¬†dengan Lord Voldemort, tanpa perantara! Sekilas seperti:¬†Kencan pertama yang sukses diganggu hujan dengan kilat menyambar-nyambar.","2","https://www.goodreads.com/book/show/6.Harry_Potter_and_the_Goblet_of_Fire"
"120","Harry Potter and the Goblet of Fire","Tidak, tidaaaakkk!!! Kenapa si Harry Potter makin lama makin tebel aja?? Gw merasa kayaknya gw dah sampai di titik kebosanan dalam membaca novel-nya JK Rowling ini. Tadinya gw beli karena sapa tau bisa suka lagi. Bukannya suka, gw malah merasa gw makin jadi kayak anak kecil diajak berimajinasi yang aneh2, ga karuan, dan mustahil terjadi. Palagi setelah nonton filmnya yang menurut gw jauh banget dari bayangan gw sewaktu gw baca Harry Potter 1. Enough!! Mau terbit mpe berapa juga gw udah eneg bacanya..hoek!","1","https://www.goodreads.com/book/show/6.Harry_Potter_and_the_Goblet_of_Fire"
"121","Harry Potter and the Order of the Phoenix","4,8 ‚≠ê Series Harry potter yang tidak bisa aku kasih full 5 bintang, masih tetep seru, hanya saja karena bukunya tebal, dan dibeberapa part ada yang bikin aku ngantuk saat baca, karena ga penting¬≤ banget, selain itu tetep bagusüòç.  Di buku-buku sebelumnya tuh masih kerasa ya vibes anak-anak, seru-seruan, happy-happy gitu, menginjak buku ke-5 ini langsung terasa bedanya, lebih gelap, lebih tegang, dan kerasa gitu kebangkitan ""you know who"", dan di buku ini tuh Harry bawaannya gundah terus ala-ala abg. Part romance juga semakin banyak, hanya saja aku bukan pendukung couple Cho x Suheriüòí soalnya Cho tuh kek princess, manja, cantik, kalem, sedangkan Suheri butuhnya yang kaya Merida, yang adalah Ginny, dasar ga peka ya lu herüò° (padahal mah suka-suka author lahüòÇ). Dan ga lengkap review ini kalau belum apresiasi author atas kepintarannya bikin karakter Dolores Umbridge yang asdfghü§¨ kok ada ya orang kaya gituüòÜ cast versi filmnya juga mirip banget sama deskripsi bukunya, keren.. walaupun masih jahatan versi buku kalau diperhatikan.","5","https://www.goodreads.com/book/show/2.Harry_Potter_and_the_Order_of_the_Phoenix"
"122","Harry Potter and the Order of the Phoenix","God!!!! This book is so amazingggg!!! Meskipun fav aku tetep buku 3 tp buku ini kok emosional bgt sihhhh sedih tauuuüò≠ aku makin cinta hp series gegara buku ini, selesai baca berasa ditinggalin org yang disayang, aku lagi sehampa harry sekarangüò≠ Seandainya ada keajaiban buku 6 dan 7 tiba-tiba ada di rak bukukuüò≠ pengen baca selanjutnyaüò≠","5","https://www.goodreads.com/book/show/2.Harry_Potter_and_the_Order_of_the_Phoenix"
"123","Harry Potter and the Order of the Phoenix","Novel ini adalah novel dengan halaman paling banyak yg pernah aku baca (sampai postingan ini dibuat). Hahaha. Seru dan kompleks petualangannya. Ga tau kenapa, aku selalu kebawa suasana kalo udah bawa hubungan Harry Potter sama Sirius Black tuh üòÇ","5","https://www.goodreads.com/book/show/2.Harry_Potter_and_the_Order_of_the_Phoenix"
"124","Harry Potter and the Order of the Phoenix","so dark and angsty!! bisa dimaklumi kalo harry kerjaannya marah2 melulu disini. apalagi kematian sirius... temen gw sampe ngaku2 jandanya sirius black,,hehehe... filmnya juga bagus bgt, meski temen2 gw komentar daniel radcliffe rambutnya kayak bapak2... tp secara kualitas akting, meningkat bgt. damn, filmnya bagus. tp gw heran,,kenapa di hogwarts bisa da radio ya?? itu kan benda listrik, dan menurut buku Sejarah Hogwarts, benda2 listrik bakalan segera rusak kalo dibawa masuk Hogwatrs, karena terlalu banyak sihir yang beterbangan... *am i sounds like hermione??*","4","https://www.goodreads.com/book/show/2.Harry_Potter_and_the_Order_of_the_Phoenix"
"125","Harry Potter and the Order of the Phoenix","Harapannya sesudah baca buku keempat bakal menemukan yang lebih seru. Apalagi melihat ketealan bukunya maksimal :P ternyata ga sesuai dengan presiksi. Buku ini ga seseru sebelumnya. Ga tau kenapa.... mungkin terlalu banyak nama yang beru muncul. trus kesibukan dan kegiatan LD...yang diceritakan dengan cara yang sedikit ngebosenin. Entahlah... Serunya muncul ketika terjadi perang di kementrian sihir itu. Wah...udah pas bagian akhirnya tuh. Hehehe... Btw, kasian Sirius Black. Baru bisa menikmati hidup lagi...udah keburu di'mati'in. hm..","4","https://www.goodreads.com/book/show/2.Harry_Potter_and_the_Order_of_the_Phoenix"
"126","Harry Potter and the Order of the Phoenix","love this book too...di sini dunia sihir udah lebih bercampur dengan dunia manusia. seru dan tegang juga. alurnya bagus. meskipun gue ga suka sirius harus mati. hikxx...tapi keren deh tetep. heheheh..filmnya ga bagus2 amad sih. secara pas battle yg keren ituh ehhh ceritanya yaa hanya begituh doank. gak berasa serunya..hehehe. but still good 4 read..^^","4","https://www.goodreads.com/book/show/2.Harry_Potter_and_the_Order_of_the_Phoenix"
"127","Harry Potter and the Order of the Phoenix","sebenarnya agak gemes dengan harry yang bisa sampai lupa dengan cermin dua arah yang dihadiahkan Sirius Black kepadanya. tapi...jujur, saya akui, kepelikan kisah yang dialaminya --lebih tepatnya kepelikan alur cerita yang dibuat Mrs. Rowling memang keren karena membuat saya pun terlupa bahwa ada cermin tadi...","4","https://www.goodreads.com/book/show/2.Harry_Potter_and_the_Order_of_the_Phoenix"
"128","Harry Potter and the Order of the Phoenix","Bukunya ketebalan. Rasanya penyajiannya sedikit bertele-tele. Romansa Harry dan Cho juga ga terlalu menarik diceritakan.","3","https://www.goodreads.com/book/show/2.Harry_Potter_and_the_Order_of_the_Phoenix"
"129","Harry Potter and the Order of the Phoenix","kurang plot twist di ending sih, padahal udah ngarep. novelnya panjaaang, agak bosen bacanya, kok gak selesai-selesai @.@","3","https://www.goodreads.com/book/show/2.Harry_Potter_and_the_Order_of_the_Phoenix"
"130","Harry Potter and the Order of the Phoenix","Dari semua buku Harry Potter, ini yang paling tebal. Saya saja membacanya sampai jenuh sendiri dan terpaksa menyicil untuk menyelesaikannya. Tetapi cerita di petualangan kali ini sebenarnya sangat menarik. Bayangkan saja bila Hogwarts tiba-tiba diambil alih oleh Kementerian Sihir dan posisi Dumbledore sebagai kepala sekolah digantikan oleh orang pemerintahan, Dolores Umbridge, wanita tua yang berwajah seperti kodok. Namun saya sangat menikmati emosi yang ditampilkan J.K. Rowling dalam diri Harry. Sesuai dengan perkembangan usianya memasuki pubertas, karakter Harry digambarkan sangat manusiawi, mencoba menjadi pemberontak, agresif, dan menentang segala sesuatu yang berlawanan dengan idealismenya. Di buku ini, Harry juga untuk pertama kalinya menyadari bahwa dirinya mempunyai hubungan batin tersembunyi dengan Lord Voldemort!","3","https://www.goodreads.com/book/show/2.Harry_Potter_and_the_Order_of_the_Phoenix"
"131","Harry Potter and the Order of the Phoenix","Jika dilihat sebagai hiburan‚Ä¶ cukup menghibur. Tetap dengan nuansa persahabatan dan petualangan yang tak bisa diduga mau berakhir seperti apa. Penulis yang cerdas. Memiliki semua, dari awal sampai akhir di kapala na, bukan di tebakan pembaca. Setidak na itulah kelebihan JK Rowling untuk seri-seri cerita na. mengalahkan kekurangan na dalam hal setting waktu yg monoton. Why??? Cz bu JK selalu membuat serangan voldemord selelu mendekati akhir tahun pelajaran sehingga setiap selesai pertarungan or serangan tersebut maka berakhir pula tahun ajaran yg mengharuskan harry pulang kembali ke rumah paman dan bibi na yg akan disambung di buku berikut na. Ntah ini kekuatan penulis or justru membosankan. Toh nyata na buku ini, ceruta ini tetap laku juga.... walo tetap saja rhe telat membaca na...","3","https://www.goodreads.com/book/show/2.Harry_Potter_and_the_Order_of_the_Phoenix"
"132","Harry Potter and the Order of the Phoenix","seri terkelam dari harry potter, gimana enggak?baru 2 taon ketemu ma walinya eh...meninggal, ya kagak jodoh kali ya?tapi disini emang bener2 kelam, selain harry potter harus kehilangan orang yang paling dia sayang, karakternya juga mulai terbaca di nomer ini. gimana caranya marah karena merasa semua orang terlalu menganggapnya ""kecil"", sampe ""keegoisan"" dia untuk melindungi orang yang paling dia sayang sampe kadang-kadang ""ngorbanin"" yang lain juga, untungnya temennya support banget sama semua yang dia lakukan...di nomer selanjutnya dia mulai sering marah n ""egois""nya sering keluar juga","3","https://www.goodreads.com/book/show/2.Harry_Potter_and_the_Order_of_the_Phoenix"
"133","Harry Potter and the Order of the Phoenix","Dapat buku ini tahun 2004 ketika sdang heboh-hebohnya hingga harus pesan segala. Untung aja, saat itu aku dibeliin alias sebagai hadiah ultah. Kurang lebih sepekan membacanya. Penuh dengan kemarahan. Penuh dengan intrik dan kebencian. Dan yang paling menyedihkan adalah kematian Sirius, ayah angkat Harry... Setelah baca seri 5 ini, aku belum minat lagi untuk membaca lanjutannya... Entah kenapa buku ke-5 ini masih bikin ilfil :D","3","https://www.goodreads.com/book/show/2.Harry_Potter_and_the_Order_of_the_Phoenix"
"134","Harry Potter and the Order of the Phoenix","Menurut aku ini buku yang paling membosankan dan menyebalkan. Halamannya tebal (1200 halaman!) Tapi ceritanya terlalu bertele2 dan ada tokoh yang menyebalkan (Dolores Umbridge) sampai rasanya ingin cepat2 selesai membaca. Tapi adegan yang seru waktu Fred & George membuat kekacauan dengan kembang apinya. Oke!","3","https://www.goodreads.com/book/show/2.Harry_Potter_and_the_Order_of_the_Phoenix"
"135","Harry Potter and the Order of the Phoenix","Klo menurutku ini adlah novel Harry Potter yang termasuk membosankan. Entah kenapa aku tidak merasakan ketagangan yang berarti. Sampai pada cerita Sirius Black yang tewas, bru aku kembali merasakan semangat cerita kembali lagi..","3","https://www.goodreads.com/book/show/2.Harry_Potter_and_the_Order_of_the_Phoenix"
"136","Harry Potter and the Order of the Phoenix","Buku Harry Potter yang paling gw ga suka. Isinya terlalu bertele-tele, banyak ga pentingnya. Sepanjang baca gw bertanya-tanya, mana nih serunya? Akhirnya ketemu juga bagian yang seru pas Harry cs berpetualang di departemen misteri. Pemberontakan si kembar weasley juga mayan lucu.","3","https://www.goodreads.com/book/show/2.Harry_Potter_and_the_Order_of_the_Phoenix"
"137","Harry Potter and the Order of the Phoenix","Nggak tau ya, nggak terlalu suka ama seri yang ini. Tapi, teteeup abis dilahap lah :D","3","https://www.goodreads.com/book/show/2.Harry_Potter_and_the_Order_of_the_Phoenix"
"138","Harry Potter and the Order of the Phoenix","Harry Potter yang ini lumayan. Kalau gak salah ngabisin bacanya dua hari, langsung sakit mata ;p Sayangnya sirius meninggal di buku ini.. oh maap ya spoiler","3","https://www.goodreads.com/book/show/2.Harry_Potter_and_the_Order_of_the_Phoenix"
"139","Harry Potter and the Order of the Phoenix","Karena terlalu tebal jadi terkadang saya kurang bisa fokus membacanya, klimaksnya tidak begitu terasa karena ada banyak. Menurut saya ini satu-satunya novel Harry Potter yang agak membosankan untuk dibaca, mungkin karena terdiri dari 1000 halaman lebih. Kisahnya tentang sebuah orde rahasia: Orde of Phoenix yang akan melawan para pelahap mau,t dan tentang perebutan sebuah ramalan di kementrian sihir yang berisi tentang nama seseorang yang bisa mengalahkan Voldemort. Siapakah dia? Harry Potter lah jawabnnya, siapa lagi.","2","https://www.goodreads.com/book/show/2.Harry_Potter_and_the_Order_of_the_Phoenix"
"140","Harry Potter and the Order of the Phoenix","pada dasarnya ngga suka cerita cerita fantasi,.. tapi pas selama ngebacanya hari-hariku dipenuhi mimpi mimpi menjadi Harry Potter -____-"",.. bukunya sampai lecek soalnya di bawa tidur, di jadiin guling, kadang juga jadi bantal atau selimut :d. jadi ya, buku bagus lah menurutku, ampe yang ngga suka fantasi kayak aku aja ampe kebawa fantasinya pas tidur, hehe","2","https://www.goodreads.com/book/show/2.Harry_Potter_and_the_Order_of_the_Phoenix"
"141","Harry Potter and the Order of the Phoenix","Mulai sucks.... terlalu panjang... bertele2... cuma seru terakhirnya doank...","2","https://www.goodreads.com/book/show/2.Harry_Potter_and_the_Order_of_the_Phoenix"
"142","Harry Potter and the Order of the Phoenix","Ini buku Harry Potter yang paling membosankan menurut gue. Bukunya terlalu tebal dan bertele2 tapi gak ada seru2nya.","2","https://www.goodreads.com/book/show/2.Harry_Potter_and_the_Order_of_the_Phoenix"
"143","Harry Potter and the Order of the Phoenix","ga seru bertele-tele dan menjemukan. Tidak sekeren seri harry potter lainnya","2","https://www.goodreads.com/book/show/2.Harry_Potter_and_the_Order_of_the_Phoenix"
"144","Harry Potter and the Order of the Phoenix","aduh tau deh buku harpot paling bosenin kayaknya TT","2","https://www.goodreads.com/book/show/2.Harry_Potter_and_the_Order_of_the_Phoenix"
"145","Harry Potter and the Order of the Phoenix","Point terpenting dari buku ini adalah: Sirius Black mati. Itu aja. The rest was sinetron abis. Gemes banget sama si mentri sihir yang denied the truth, jd jengkel bacanya.","3","https://www.goodreads.com/book/show/2.Harry_Potter_and_the_Order_of_the_Phoenix"
"146","Harry Potter and the Order of the Phoenix","Adegan-adegan yang Ngga Muncul di film Jadi Alasan Buat Baca Nih Buku.","3","https://www.goodreads.com/book/show/2.Harry_Potter_and_the_Order_of_the_Phoenix"
"147","Harry Potter and the Order of the Phoenix","Sebetulnya sama saja dengan buku-buku Harry Potter sebelumnya, malah plot cerita cenderung mendatar, tapi masih penuh dengan kejutan-kejutan yang baru","3","https://www.goodreads.com/book/show/2.Harry_Potter_and_the_Order_of_the_Phoenix"
"148","Harry Potter and the Order of the Phoenix","hmm,,, buku yang kelima ini ngga begitu berkesan di ingatan ak walau pun tebel bukunya ampun-ampunan n ceritanya agak berat dibanding buku2 terdahulunya..","3","https://www.goodreads.com/book/show/2.Harry_Potter_and_the_Order_of_the_Phoenix"
"149","Harry Potter and the Order of the Phoenix","Sebenernya nih buku okey, tapi ya gitu ceritanya terlalu bertele-tele...","3","https://www.goodreads.com/book/show/2.Harry_Potter_and_the_Order_of_the_Phoenix"
"150","Harry Potter and the Order of the Phoenix","krenn si . tapi filmnya sangat mengeccewakan .","3","https://www.goodreads.com/book/show/2.Harry_Potter_and_the_Order_of_the_Phoenix"
"151","Harry Potter and the Half-Blood Prince","Buku 6 ini lebih fun daripada buku 5. Tapi 10 bab terakhir mulai intens dan klimaksnya bikin nyesek. Mau rehat dulu sebelum baca buku 7 yang mestinya lebih suram.","5","https://www.goodreads.com/book/show/1.Harry_Potter_and_the_Half_Blood_Prince"
"152","Harry Potter and the Half-Blood Prince","Semakin menuju buku terakhir semakin kelam juga ceritanya. Walauun tebal, buku ini tidak membosankan sama sekali, tidak seperti buku sebelum ini yang agak bikin mengantuk di beberapa part. Voldemort benar-benar dikupas tuntas di buku ini asal-usulnya, sehingga tidak penasaran lagi siapa dia dan kenapa jadi villain dsb. Menurutku dari ketujuh buku, ini buku tersedih sih (sudah baca buku ke-7), apalagi pas mendekati ending, sad bangetüò≠. Suasana Hogwarts juga suram banget, kebayang syok dan sedihnya murid-murid. Apalahi pas scene phoenixnya meratap gitu, nangis banget ihüò≠ kasihan... Lanjut reread buku terakhir yang ga kalah tebalüòÜüî•.","5","https://www.goodreads.com/book/show/1.Harry_Potter_and_the_Half_Blood_Prince"
"153","Harry Potter and the Half-Blood Prince","I love this book so much. Bukunya ga lebih tebal dari Orde of Phoenix tapi lebih berkesan. Perkembangan karakternya terasa kuat disini. Storyline nya juga epik. Ini buku Harry Potter favorit saya bersama dengan Goblet of Fire. Layak dibaca","5","https://www.goodreads.com/book/show/1.Harry_Potter_and_the_Half_Blood_Prince"
"154","Harry Potter and the Half-Blood Prince","pas awal-awalnya rada ngebosenin. tp pas ditengah-tengah diceritain tentang tom riddle secara detail, itu part paling kusukaa, jadi tau tentang tom.","4","https://www.goodreads.com/book/show/1.Harry_Potter_and_the_Half_Blood_Prince"
"155","Harry Potter and the Half-Blood Prince","4 bintang. Aku gak akan nulis review panjang-panjang kayaknya. Aku lebih suka dua buku sebelumnya karena lebih banyak hal yg terjadi, jadi lebih berwarna. Namun gak berarti buku ini buruk, sama sekali enggak. Sejujurnya aku udah spoiled soal apa yg terjadi di buku ini (jelas kan filmnya dah keluar juga dari kapan tau), lumayan bersyukur karena jadinya gak gitu syok, tapi merasa ada yg kurang juga. Btw....gimana bisa ada orang se-bijak dan se-kalem Dumbledore? :""","4","https://www.goodreads.com/book/show/1.Harry_Potter_and_the_Half_Blood_Prince"
"156","Harry Potter and the Half-Blood Prince","Ini karya J.K Rowling yang ke-6. Hmm, bahasanya agak sedikit sulit untuk dimengerti karena itu hasil translate-an. Jadi, sabar aja bagi penggemar HarPot yang masih junior karena memerlukan sedikit kelapangan otak untuk mencerna kata-katanya. Tapi kalau udah ngerti nanti juga akan asyik membaca isinya yang menceritakan tentang Perjuangan Harry, Ron and Hermione mencari Horcrux. Baca aja ya untuk lebih lengkapnya.","4","https://www.goodreads.com/book/show/1.Harry_Potter_and_the_Half_Blood_Prince"
"157","Harry Potter and the Half-Blood Prince","buku yang mengaduk2 emosiku..DUMBLEDORE MATI..dibunuh SNAPE lagi..waktu baca buku ini,keselnya setengah mati..pengen cpt baca buku t'akhernya..biar tau Snape bakal b'akher kya gimana..jengkel banget..soalnya di buku ini,org2 jahatnya pada menang..aku bli mahal2 kan bukan buat tau yg jahat yg bakal menang..ngerti gitu aku ga usah baca aja,pasti nanti byk yg crita..","4","https://www.goodreads.com/book/show/1.Harry_Potter_and_the_Half_Blood_Prince"
"158","Harry Potter and the Half-Blood Prince","Buku ke-6 Harry Potter ini sdh kuduga, gak seru walau klimaksnya mengejutkan. Makanya butuh wkt agak lama menyelesaikan buku ini. Dari awal buku ini intinya lebih mengetengahkan mengolah kisah flashback asal mula orangtua Voldemort dan Voldemort sendiri. Dan rahasia yg menyertai si Pangeran Kegelapan ini. Yg menjadi pertanyaan saya, kenapa Dumbledore ini jadi kelewat naif dan bodoh di buku ini ya ü§î Harry Potter sbg main character jg sbg org kepercayasn Dumbledore jg terkesan msh ""hijau"", belum matang. Yg pasti relasi Harry Potter dgn Severus Snape makin meruncing. Tambahan tokoh¬≤ baru cuma makin bikin puyeng aja, gak ada yg signifikan. Jujur aja aku bukan Harpot mania jg sih. Biasa aja selama baca buku¬≤ seri ini. Dan saya gak sabar baca buku ke-7, finalisasinya. Siapkan batin.","3","https://www.goodreads.com/book/show/1.Harry_Potter_and_the_Half_Blood_Prince"
"159","Harry Potter and the Half-Blood Prince","the worst !!! ini seri harry potter yang paling buruk. feel so disappointed when i was read this book, it's feel that i was read a cheap teenlit books!! bener2 seperti baca buku remaja yang kisahnya cuma percintaan gak jelas, serunya cuma di bagian akhir, sangat terlihat disini Jk Rowling memenuhi 'keinginan' pembaca, imajinasi liar yang gw baca itu sangat terlihat di buku 1-4, buku 5 itu bagus karena masuk ke inti cerita yang mengupas misteri satu persatu.. tapi ini cuma ada kisah cinta, bagian seru di akhirrr.. jadipenasaran sama buku terakhirnya? mengecewakan atau tidak ya?","3","https://www.goodreads.com/book/show/1.Harry_Potter_and_the_Half_Blood_Prince"
"160","Harry Potter and the Half-Blood Prince","Baca sebelum join Goodreads dan pinjam di taman baca lokal. Maybe I need to do a re-read to know if my opinion will differ from when I read this in my college years. Eniwei, yang gue ingat, dulu spoiler buku 6 bertebaran bahkan sampai masuk koran, sementara terjemahannya belum terbit XD. Dan inget juga betapa waktu itu deg2an pengen tahu nasib Harry di buku 7 gimana, jadi waktu nunggunya itu udah kayak torture banget dan juga ingat waktu itu di TV banyak siaran orang ngantri beli buku HP di UK sampe pada buka tenda di luar toko buku X)).","3","https://www.goodreads.com/book/show/1.Harry_Potter_and_the_Half_Blood_Prince"
"161","Harry Potter and the Half-Blood Prince","Buku paling Lot dari cerita-cerita J.K Yang lain, tapi kalo tanpa buku ini seri Harry Potter gak akan pernah utuh dan gak akan pernah selsai juga sih! Disini J.K ngungkapin mistri-misteri yang slama ini Harry dan para pembaca gak tau! Tapi sedih juga sih sebenernya, pas baca Dumbledornya mati, tapi yang bikin aku terus baca itu tu...... Kisah Ron ama Hermione!","3","https://www.goodreads.com/book/show/1.Harry_Potter_and_the_Half_Blood_Prince"
"162","Harry Potter and the Half-Blood Prince","Entah kenapa tidak se-excited ketika membaca seri 1-5. Kurang gereget aja *diebukin pottermore* Engga dapet feeling buku ramuannya itu akhirnya berkorelasi dengan salah satu guru Hogwarts. Engga se""feel"" ketika Ginny dapet buku dari Riddle di Chambers of Secret. Overall nice sih, buat menjembatani dengan buku ke tujuh (yang baru aja sedang saya baca).","3","https://www.goodreads.com/book/show/1.Harry_Potter_and_the_Half_Blood_Prince"
"163","Harry Potter and the Half-Blood Prince","sedih.... benerkan klo memang yg nama na Snape tu jahat, ternyata memang dia musuh di dalam selimut, bawahan langsung Lord Voldemort dan dengan tega menghabisi nyawa Dumbledore. trus sapa sekarang yg nglindungin harry?","3","https://www.goodreads.com/book/show/1.Harry_Potter_and_the_Half_Blood_Prince"
"164","Harry Potter and the Half-Blood Prince","dsini bagian akhirnya..mata udah basah pas waktu harry dg dumbledore nyari2 liontin RAB..udah sakit2an berjuang,ga taunya liontinnya palsu. trakhir waktu dumbledore mati..sukses menitikkan air mata saya pada waktu dulu.","3","https://www.goodreads.com/book/show/1.Harry_Potter_and_the_Half_Blood_Prince"
"165","Harry Potter and the Half-Blood Prince","Plot agak lambat menurut saya, tapi endingnya cukup mengaduk emosi. Dan bener kata Ery, temenku si katalog jangan dicabut itu :p, bikin penasaran ama buku terakhirnya.","3","https://www.goodreads.com/book/show/1.Harry_Potter_and_the_Half_Blood_Prince"
"166","Harry Potter and the Half-Blood Prince","seri ke-6 ini bikin aku jelas ttg asal usul the dark lord .. memang agak seih sih klo' Dumbledore mati.. apalagi kena kutukan avada kedavra . bikin semakin gk sabar buat baca next episode..","3","https://www.goodreads.com/book/show/1.Harry_Potter_and_the_Half_Blood_Prince"
"167","Harry Potter and the Half-Blood Prince","Adegan-adegan yang Ngga Muncul di film Jadi Alasan Buat Baca Nih Buku.","3","https://www.goodreads.com/book/show/1.Harry_Potter_and_the_Half_Blood_Prince"
"168","Harry Potter and the Half-Blood Prince","Kecewa! Dumbledore mati... Tapi ceritanya bagus, masih serupa dengan buku-buku sebelumnya","3","https://www.goodreads.com/book/show/1.Harry_Potter_and_the_Half_Blood_Prince"
"169","Harry Potter and the Half-Blood Prince","bagus banget, tapi masih seruan yang no.5...","3","https://www.goodreads.com/book/show/1.Harry_Potter_and_the_Half_Blood_Prince"
"170","Harry Potter and the Half-Blood Prince","Seru dah pokoknya buku ini bagi yang belum pernah baca bakal nyesel seumur hidup He7x.. :)","3","https://www.goodreads.com/book/show/1.Harry_Potter_and_the_Half_Blood_Prince"
"171","Harry Potter and the Half-Blood Prince","mantappp . yang ini paling kreen . ada sediihnya, asmaranya , kejam. lengkap !","3","https://www.goodreads.com/book/show/1.Harry_Potter_and_the_Half_Blood_Prince"
"172","Harry Potter and the Half-Blood Prince","hmmsama kaya HP yg laen bagus..tp kok mesti pake maati siy..bikin sedih ajah..","3","https://www.goodreads.com/book/show/1.Harry_Potter_and_the_Half_Blood_Prince"
"173","Harry Potter and the Half-Blood Prince","emang banyak se informasi baru yang didapat dari nomer ini, tapi secara keseluruhan aku nganggepnya nomer ini cuma sebagai ""jembatan"" buat yang nomer akhir, gak terlalu banyak kejutan dan berlangsung ""datar"" aja...mungkin ini kali ya seri yang aku paling lama bacanya (karena bosen), tapi rowling emang selalu penuh dengan kejutan, ga nyangka yang terakhir mati mesti gurunya sendiri","2","https://www.goodreads.com/book/show/1.Harry_Potter_and_the_Half_Blood_Prince"
"174","Harry Potter and the Half-Blood Prince","Favorit saya tetap seri 1 sampai 4; di mana suspensnya sangat kuat terasa dan ending yang selalu mengejutkan. Tapi novel ini di luar ekspektasi. Ada beberapa bagian di mana saya membacanya terengah-engah, seolah ingin segera menyudahi membacanya.","2","https://www.goodreads.com/book/show/1.Harry_Potter_and_the_Half_Blood_Prince"
"175","Harry Potter and the Half-Blood Prince","bukunya bagus menarik untuk dibaca. kalo gak pecaya coba aja dech","2","https://www.goodreads.com/book/show/1.Harry_Potter_and_the_Half_Blood_Prince"
"176","Harry Potter and the Half-Blood Prince","gaK gHettu baGus.. keRenaN buKu yg sBluMnya. Soo, aq gaK jaDi beLi dee..","2","https://www.goodreads.com/book/show/1.Harry_Potter_and_the_Half_Blood_Prince"
"177","Harry Potter and the Half-Blood Prince","Dari semua Harry Potter yang gue baca, cuma buku ke 6 yang 'kurang gue suka'... Kenapa?? Because headmaster is leaving us... :'(","2","https://www.goodreads.com/book/show/1.Harry_Potter_and_the_Half_Blood_Prince"
"178","Harry Potter and the Half-Blood Prince","ya, ternyata dia berdarah lumpur juga","2","https://www.goodreads.com/book/show/1.Harry_Potter_and_the_Half_Blood_Prince"
"179","Harry Potter and the Half-Blood Prince","dumbledore mati. sangat tidak suka. :'(","1","https://www.goodreads.com/book/show/1.Harry_Potter_and_the_Half_Blood_Prince"
"180","Harry Potter and the Half-Blood Prince","Harry Potter and the Half Blood Prince buku k 6 yg saya baca dr karya madam rowling. bingung mw bilang bagus ap g, cz, sblm aq ikut LQ aq selalu deg-degan setiap baca baris per barisnya. tapiii,, skrg udah enggak tUH! anyway, bukunya bagus dari segi penceritaannya tapi isinya (maaf) bersinggungan dg my religi...^_^","1","https://www.goodreads.com/book/show/1.Harry_Potter_and_the_Half_Blood_Prince"
"181","Harry Potter and the Deathly Hallows","Akhirnya selesai juga reread series iniü•∫‚ù§. 7 buku yang bikin perasaan naik turun seperti naik roller coaster, definitely worth to reread. Banyak part yang aku baru tau dan paham saat reread juga, mungkin dulu baca pas masih SMP, jadi fokusku hanya ke karakter utamanya saja, kurang memperhatikan detail-detail kecil (Salah satunya adalah scene tentang Hedwig, kaget banget, poor girl :( dulu ga ingat, bahkan di filmnya juga ga ingatüòÖ). Buku ini sangat pas sebagai penutup sebuah cerita, selesai sudah yang jadi konflik dari buku 1nya. Tapi happy ending buku ini dibayar mahal karena menelan banyak korban, dan beberapa karakter favoritku (cry)üò≠. Aku sangat suka banget sama epilog buku ini, pas mereka udah dewasa dan ngantar anak¬≤ mereka buat naik hogwarts expressü•∫‚ù§. Series ini termasuk series yang layak / harus dibaca kali ya, minimal 1x seumur hidup, paling minim minim minimal lagi nonton aja tuh filmnya kalau tidak mau baca.","5","https://www.goodreads.com/book/show/136251.Harry_Potter_and_the_Deathly_Hallows"
"182","Harry Potter and the Deathly Hallows","Finished 2/3 book in one day! Buku 7 ini klimaks sih. Teka-tekinya rapi bgt. You-Know-Who terlalu angkuh untuk mengakui pengetahuannya yg terbatas. Saranku sabar sih baca urut dari buku 1-7 karena sangat terkait dan tiap tokoh punya peran signifikan.","5","https://www.goodreads.com/book/show/136251.Harry_Potter_and_the_Deathly_Hallows"
"183","Harry Potter and the Deathly Hallows","SO HARD TO SAY GOODBYE TO THIS SERIES! So many emotions, dan akan menjadi salah satu serial buku terbaik yang pernah kubaca sepanjang masa. Memorable. Tidak akan pernah terlupakan seumur hidup. SAYA SELAMA INI KE MANA AJA, BARU TAHU SERIAL INI TAHUN LALU?","5","https://www.goodreads.com/book/show/136251.Harry_Potter_and_the_Deathly_Hallows"
"184","Harry Potter and the Deathly Hallows","Dibaca berulang-ulang, seri ketujuh ini tetap saja sangat keren ck ck ck","5","https://www.goodreads.com/book/show/136251.Harry_Potter_and_the_Deathly_Hallows"
"185","Harry Potter and the Deathly Hallows","Ceritanya seru. Mengharukan, menyedihkan, lucu, membuat kesal dan bikin deg deg plas. Semua jadi satu. Tapi, bete banget pas Hedwig mati. Baru juga mulai cerita kok tau2 dibikin mati ama Rowling keparat. [Gw udah sebel ama JK Rowling dari buku 4. Tapi gw tetep suka baca Harry Potter. Love and Hate Relationship gitu lah. :P] Laluuu...pas baca halaman terakhir.... Udah? Gini doang? Kok ga rame gini endingnya. Gag gigit. Gag membuat lega. Berasa banget kalo harusnya bisa dibikin lebih. Baaah...sok tau bener ya gw in... Yah, gitu deh review dari gw.","4","https://www.goodreads.com/book/show/136251.Harry_Potter_and_the_Deathly_Hallows"
"186","Harry Potter and the Deathly Hallows","Baru selesai re-read seri ini dan rasanya udah pengin ngulang lagi. I love it. Dan re-read seri ini bikin saya ngerasa bahwa yang belum baca dan cuma nonton film-nya tuh rugi bener.","4","https://www.goodreads.com/book/show/136251.Harry_Potter_and_the_Deathly_Hallows"
"187","Harry Potter and the Deathly Hallows","akhirnya selesai sudah membaca harry potter, dan khusus untuk deathly hallows ini adalah kali kedua. hebatnya, keseruan itu masih tetap terasa bahkan lebih. padahal udah nonton filmnya, udah tahu ceritanya. mungkin karena bacanya penuh penghayatan, nggak kayak dulu kudu cepat-cepatan. maklum, buku pinjaman, haha.","4","https://www.goodreads.com/book/show/136251.Harry_Potter_and_the_Deathly_Hallows"
"188","Harry Potter and the Deathly Hallows","Buku ini aku baca ketika waktu masih SMP dulu. Menarik. Buku ke-7 dari sekuel Harry Potter ini menurutku menjadi yang terbaik dibanding sekuel lainnya. Terutama tentang Snape di akhir cerita. Jika dibanding dengan film-nya, tentu banyak adegan yang tidak dapat ditampilkan di film.","4","https://www.goodreads.com/book/show/136251.Harry_Potter_and_the_Deathly_Hallows"
"189","Harry Potter and the Deathly Hallows","cuma satu kalimat: imajinasi J.K. Rowling selalu bikin gw kagum, keren!","3","https://www.goodreads.com/book/show/136251.Harry_Potter_and_the_Deathly_Hallows"
"190","Harry Potter and the Deathly Hallows","lagi baca ulang, nemu yang versi indonesia di perpus. ga kaya dulu, nge-print beratus-ratus halaman hanya demi ini.","3","https://www.goodreads.com/book/show/136251.Harry_Potter_and_the_Deathly_Hallows"
"191","Harry Potter and the Deathly Hallows","Barangkali karena setting umum di novel ini bukan lagi di Hogwarts, entah kenapa saya merasa aneh ketika membacanya. Tetapi, bukan khas J.K Rowling jika bukunya tidak memiliki kejutan-kejutan di dalamnya. Saya shok begitu membaca kalau salah satu tokoh favorit saya menjadi korban Vodlermor. Benar-benar deh, bahkan hingga akhir pun serial Harry Potter sangat layak untuk dibaca oleh siapapun yang menikmati fantasi.","3","https://www.goodreads.com/book/show/136251.Harry_Potter_and_the_Deathly_Hallows"
"192","Harry Potter and the Deathly Hallows","wow! bukunya bagus banget. akhir yang menyenangkan.","3","https://www.goodreads.com/book/show/136251.Harry_Potter_and_the_Deathly_Hallows"
"193","Harry Potter and the Deathly Hallows","seri harry potter yang aku ga suka endingnya... tapi ya itu kan uda keputusan dari si JKR..","3","https://www.goodreads.com/book/show/136251.Harry_Potter_and_the_Deathly_Hallows"
"194","Harry Potter and the Deathly Hallows","sayang banget cerita yang amat sangat populer ini berakhir kayak dongeng para putri. and they live happily everafter...","3","https://www.goodreads.com/book/show/136251.Harry_Potter_and_the_Deathly_Hallows"
"195","Harry Potter and the Deathly Hallows","baca buku ini dari ebooknya saja..^^ lumayan seru ..tapi endingnya kurang bagus.. segitu aja ya reviewnya.. ^^","3","https://www.goodreads.com/book/show/136251.Harry_Potter_and_the_Deathly_Hallows"
"196","Harry Potter and the Deathly Hallows","Last HP book!!! so dark....but somehow cool! sedih bgt gara2 tokoh2 yg mati..huhuhu... tp menurut ku epilognya dangkal banget...kurang greget...mungkin akan tampak lebih baik kalo Harrynya yg mati...hehhee..(pasti banyak yg protes..)","3","https://www.goodreads.com/book/show/136251.Harry_Potter_and_the_Deathly_Hallows"
"197","Harry Potter and the Deathly Hallows","Di antara semua serian Harry Potter, aku kurang suka seri yang terakhir ini. Kenapa? karena menurutku kesannya buku ini dibuat JK setengah-setengah atau asal tamat. Cerita bagian tertentu sudah bisa diduga, jadi nothing suprised, but overall good","3","https://www.goodreads.com/book/show/136251.Harry_Potter_and_the_Deathly_Hallows"
"198","Harry Potter and the Deathly Hallows","akhir yang sangat garing dari sebuah petualangan besar... mungkin karena dipaksa harus tamat di episode ke-7.. mungkin juga penulisnya udah gak tau lagi mesti nyeritain apa. yang pasti gue kehilangan mr.snape.. bye2 mr.snape..","3","https://www.goodreads.com/book/show/136251.Harry_Potter_and_the_Deathly_Hallows"
"199","Harry Potter and the Deathly Hallows","Dibandingkan buku lain, buku ini sangat sedikit sekali berada di Hogwarts, which is I dont like it. Misteri masa lalu valdemort sudah hampir habis dibahas di buku sebelumnya, dan tak ada lagi yang cukup menarik untuk dikuak di buku terakhir ini. Juga pertarungan terakhir berasa kurang klimaks. Atau mungkin saya hanya terlalu berekspektasi tinggi akan akhir serial ini.","3","https://www.goodreads.com/book/show/136251.Harry_Potter_and_the_Deathly_Hallows"
"200","Harry Potter and the Deathly Hallows","akhir yg cukup buruk utk kisah Harry Potter yg fenomenal. memang sulit merangkum kisah akhir menjadi satu buku. banyak kejadian penting yg seolah2 dipaksakan dan terlalu cepat. bahkan banyak tokoh yg tewas dgn kisah yg kurang greget, kurang mengharukan. namun, Harry Potter, tetaplah Harry Potter, kisahnya selalu ditunggu dan selalu menghibur para fansnya","3","https://www.goodreads.com/book/show/136251.Harry_Potter_and_the_Deathly_Hallows"
"201","Harry Potter and the Deathly Hallows","Menarik sih... tp entah kenapa ketertarikanku terhadap buku pertama jauuuuhhh lebih besar dibandingkan pada buku ini. Aku bisa membaca buku pertama berulang kali tanpa merasa bosan... tp rasanya buku yg ini cukup dibaca satu kali saja deh. Itupun hasil minjem secara paksa dari teman. Hehehe.. Sorry..","3","https://www.goodreads.com/book/show/136251.Harry_Potter_and_the_Deathly_Hallows"
"202","Harry Potter and the Deathly Hallows","Sorry ya kalo aku nggak gitu suka buku terakhir Harry Potter. Jalan ceritanya terlalu sederhana menurutku, terlalu mudah, lebih banyak terfokus ke temen2 Harry, dan akhirannya nggak masuk akal. Terlalu mengada2. Jadi sebel dan kecewa. Buku terakhir gitu lho! Pasti kan kita mengharapkan aksi Harry sendiri lebih banyak, lebih dari sebelum2nya. Dan seharusnya antara Harry, Ron, dan Hermione sudah saling benar2 memahami satu sama lain (seperti di versi fansnya), tidak ada lagi keraguan antara mereka bertiga setelah semua yang mereka lalui bersama. Akhiranya juga nggak seru, nggak ada duel antara Harry dan Voldermort. Payah deh! Padahal itu yang paling ditunggu-tunggu kan! Aku malah lebih suka versi satu laginya yang dikarang fansnya Harry Potter. Ceritanya lebih seru, lebih fokus ke Harry, dan akhirannya lebih bagus dan masuk akal. Apalagi pas Harry duel ama Voldermort, seru banget tuh! Patut diacungin jempol dah! Sayang nanti yang dibikin filmnya pasti versi aslinya ya. Hiks.....","2","https://www.goodreads.com/book/show/136251.Harry_Potter_and_the_Deathly_Hallows"
"203","Harry Potter and the Deathly Hallows","Hmm.. jujur siyh..penutup dari kisah Harry Potter ini kurang dari yang saya harapkan. Kurang sentuhan ""Wow"" nya seperti buku-buku pendahulunya. Mungkin J.K. Rowling sudah kelewat bosan dan terus didesak untuk segera mengeluarkan kisah penutup dari penyihir terkenal khayalannya ini. Jadi banyak cerita yang kesannya bergaya agak telenovela.","2","https://www.goodreads.com/book/show/136251.Harry_Potter_and_the_Deathly_Hallows"
"204","Harry Potter and the Deathly Hallows","Hhhhhhhhh.... sebagai pembaca setia, saya agak kecewa dengan endingnya. kesannya kok di paksain banget selesainya. kaitan antar sejarah kayak di sambung2in biar keliatan nyambung. Nggak lg sejenius 4 buku pertamanya. Tapi untuk sebuah seri,... Buku ini tetap Super jenius.","2","https://www.goodreads.com/book/show/136251.Harry_Potter_and_the_Deathly_Hallows"
"205","Harry Potter and the Deathly Hallows","sebenernya dah lama nih kelar buku ini, tp berhubung tadi baru liat berita tentang pilemnya, jadi keingetan lagi... endingnya kok happy?? padahal ngarepin harry potternya adalah voldemort itu sendiri... jadi mati 2-2 nya, he he *penggemartwistsejati","2","https://www.goodreads.com/book/show/136251.Harry_Potter_and_the_Deathly_Hallows"
"206","Harry Potter and the Deathly Hallows","Mengecewakan endingnya terlalu sederhana. Cuma 80% yang bagus.","2","https://www.goodreads.com/book/show/136251.Harry_Potter_and_the_Deathly_Hallows"
"207","Harry Potter and the Deathly Hallows","terlalu banyak kematian, endingnya nggak seperti yang kuharapkan...","2","https://www.goodreads.com/book/show/136251.Harry_Potter_and_the_Deathly_Hallows"
"208","Harry Potter and the Deathly Hallows","buku terakhir dari cerita harry potter....tapi anti klimak bngt....","1","https://www.goodreads.com/book/show/136251.Harry_Potter_and_the_Deathly_Hallows"
"209","Harry Potter and the Deathly Hallows","Cuman ini satu-satunya seri harpot yang saya baca!!","1","https://www.goodreads.com/book/show/136251.Harry_Potter_and_the_Deathly_Hallows"
"210","Harry Potter and the Deathly Hallows","kegelapan pasti akan hancur","1","https://www.goodreads.com/book/show/136251.Harry_Potter_and_the_Deathly_Hallows"
"","","","",""
